class,word,count
LIGHT_DIM,the,418
LIGHT_DIM,lights,281
LIGHT_DIM,dim,196
LIGHT_DIM,brightness,119
LIGHT_DIM,in,88
LIGHT_DIM,turn,79
LIGHT_DIM,please,70
LIGHT_DIM,down,48
LIGHT_DIM,decrease,38
LIGHT_DIM,reduce,37
LIGHT_DIM,to,33
LIGHT_DIM,light,30
LIGHT_DIM,living,26
LIGHT_DIM,room,26
LIGHT_DIM,kitchen,18
LIGHT_DIM,a,15
LIGHT_DIM,level,14
LIGHT_DIM,bright,14
LIGHT_DIM,my,14
LIGHT_DIM,of,13
LIGHT_DIM,off,12
LIGHT_DIM,is,12
LIGHT_DIM,you,12
LIGHT_DIM,it,11
LIGHT_DIM,bedroom,11
LIGHT_DIM,y,10
LIGHT_DIM,too,10
LIGHT_DIM,only,10
LIGHT_DIM,hall,10
LIGHT_DIM,here,9
LIGHT_DIM,use,7
LIGHT_DIM,life,7
LIGHT_DIM,your,7
LIGHT_DIM,ding,7
LIGHT_DIM,bit,6
LIGHT_DIM,then,6
LIGHT_DIM,for,6
LIGHT_DIM,me,6
LIGHT_DIM,damn,5
LIGHT_DIM,on,5
LIGHT_DIM,thank,5
LIGHT_DIM,seam,5
LIGHT_DIM,lines,5
LIGHT_DIM,give,5
LIGHT_DIM,ychwanegwch,4
LIGHT_DIM,llwybr,4
LIGHT_DIM,yn,4
LIGHT_DIM,ollie,4
LIGHT_DIM,change,4
LIGHT_DIM,lies,4
LIGHT_DIM,low,4
LIGHT_DIM,garden,4
LIGHT_DIM,by,4
LIGHT_DIM,half,4
LIGHT_DIM,system,4
LIGHT_DIM,don't,4
LIGHT_DIM,lower,4
LIGHT_DIM,practice,4
LIGHT_DIM,some,4
LIGHT_DIM,think,4
LIGHT_DIM,should,4
LIGHT_DIM,be,4
LIGHT_DIM,hole,3
LIGHT_DIM,do,3
LIGHT_DIM,night,3
LIGHT_DIM,ymlaen,3
LIGHT_DIM,device,3
LIGHT_DIM,as,3
LIGHT_DIM,increase,3
LIGHT_DIM,this,3
LIGHT_DIM,take,3
LIGHT_DIM,tim,3
LIGHT_DIM,all,3
LIGHT_DIM,period,3
LIGHT_DIM,at,3
LIGHT_DIM,delight,2
LIGHT_DIM,stimulate,2
LIGHT_DIM,likes,2
LIGHT_DIM,dem,2
LIGHT_DIM,zoom,2
LIGHT_DIM,didn't,2
LIGHT_DIM,did,2
LIGHT_DIM,llywodraeth,2
LIGHT_DIM,ffordd,2
LIGHT_DIM,rise,2
LIGHT_DIM,with,2
LIGHT_DIM,i'm,2
LIGHT_DIM,like,2
LIGHT_DIM,there's,2
LIGHT_DIM,llwyth,2
LIGHT_DIM,delights,2
LIGHT_DIM,watching,2
LIGHT_DIM,brightonese,2
LIGHT_DIM,deliver,2
LIGHT_DIM,dimmed,2
LIGHT_DIM,ples,2
LIGHT_DIM,slides,2
LIGHT_DIM,blackness,2
LIGHT_DIM,noise,2
LIGHT_DIM,lover,2
LIGHT_DIM,limb,2
LIGHT_DIM,good,2
LIGHT_DIM,they're,2
LIGHT_DIM,leave,2
LIGHT_DIM,turned,2
LIGHT_DIM,out,2
LIGHT_DIM,it's,2
LIGHT_DIM,dull,2
LIGHT_DIM,blue,2
LIGHT_DIM,work,2
LIGHT_DIM,hood,2
LIGHT_DIM,so,2
LIGHT_DIM,that's,2
LIGHT_DIM,different,2
LIGHT_DIM,than,2
LIGHT_DIM,heart,2
LIGHT_DIM,put,2
LIGHT_DIM,knees,2
LIGHT_DIM,live,2
LIGHT_DIM,will,2
LIGHT_DIM,tame,2
LIGHT_DIM,were,2
LIGHT_DIM,online,2
LIGHT_DIM,picture,2
LIGHT_DIM,while,2
LIGHT_DIM,den,2
LIGHT_DIM,leid,1
LIGHT_DIM,real,1
LIGHT_DIM,cwch,1
LIGHT_DIM,tendonla,1
LIGHT_DIM,delais,1
LIGHT_DIM,pre,1
LIGHT_DIM,steam,1
LIGHT_DIM,deem,1
LIGHT_DIM,not,1
LIGHT_DIM,tends,1
LIGHT_DIM,dean,1
LIGHT_DIM,elias,1
LIGHT_DIM,dimm,1
LIGHT_DIM,tenderizing,1
LIGHT_DIM,whole,1
LIGHT_DIM,pergunto,1
LIGHT_DIM,vai,1
LIGHT_DIM,leitz,1
LIGHT_DIM,bikes,1
LIGHT_DIM,wheels,1
LIGHT_DIM,we'll,1
LIGHT_DIM,white,1
LIGHT_DIM,keys,1
LIGHT_DIM,darkness,1
LIGHT_DIM,front,1
LIGHT_DIM,seem,1
LIGHT_DIM,staying,1
LIGHT_DIM,doing,1
LIGHT_DIM,anything,1
LIGHT_DIM,dymwch,1
LIGHT_DIM,llwythau,1
LIGHT_DIM,cyffredin,1
LIGHT_DIM,i'r,1
LIGHT_DIM,unknown,1
LIGHT_DIM,cymysgwch,1
LIGHT_DIM,laced,1
LIGHT_DIM,kings,1
LIGHT_DIM,wives,1
LIGHT_DIM,tendon,1
LIGHT_DIM,le,1
LIGHT_DIM,dynolais,1
LIGHT_DIM,nuts,1
LIGHT_DIM,tempts,1
LIGHT_DIM,dana,1
LIGHT_DIM,lyles,1
LIGHT_DIM,daniel,1
LIGHT_DIM,way,1
LIGHT_DIM,thin,1
LIGHT_DIM,lice,1
LIGHT_DIM,perd,1
LIGHT_DIM,n,1
LIGHT_DIM,toda,1
LIGHT_DIM,esa,1
LIGHT_DIM,leuten,1
LIGHT_DIM,least,1
LIGHT_DIM,kriegst,1
LIGHT_DIM,noch,1
LIGHT_DIM,aus,1
LIGHT_DIM,switch,1
LIGHT_DIM,keep,1
LIGHT_DIM,course,1
LIGHT_DIM,miss,1
LIGHT_DIM,breath,1
LIGHT_DIM,rate,1
LIGHT_DIM,look,1
LIGHT_DIM,right,1
LIGHT_DIM,advice,1
LIGHT_DIM,you're,1
LIGHT_DIM,best,1
LIGHT_DIM,friend,1
LIGHT_DIM,have,1
LIGHT_DIM,mengurangkan,1
LIGHT_DIM,kejahatan,1
LIGHT_DIM,lampu,1
LIGHT_DIM,saying,1
LIGHT_DIM,crease,1
LIGHT_OFF,the,1161
LIGHT_OFF,off,1132
LIGHT_OFF,lights,899
LIGHT_OFF,turn,456
LIGHT_OFF,switch,350
LIGHT_OFF,in,325
LIGHT_OFF,kitchen,255
LIGHT_OFF,bedroom,238
LIGHT_OFF,lamp,202
LIGHT_OFF,washroom,174
LIGHT_OFF,light,23
LIGHT_OFF,on,12
LIGHT_OFF,of,8
LIGHT_OFF,bathroom,8
LIGHT_OFF,so,8
LIGHT_OFF,it's,7
LIGHT_OFF,and,5
LIGHT_OFF,let's,5
LIGHT_OFF,you,4
LIGHT_OFF,watch,4
LIGHT_OFF,from,4
LIGHT_OFF,like,4
LIGHT_OFF,your,3
LIGHT_OFF,thanks,3
LIGHT_OFF,washing,3
LIGHT_OFF,don't,3
LIGHT_OFF,to,3
LIGHT_OFF,thank,2
LIGHT_OFF,washer,2
LIGHT_OFF,when,2
LIGHT_OFF,for,2
LIGHT_OFF,just,2
LIGHT_OFF,that's,2
LIGHT_OFF,push,2
LIGHT_OFF,lap,2
LIGHT_OFF,lysol,2
LIGHT_OFF,lies,2
LIGHT_OFF,next,2
LIGHT_OFF,awesome,2
LIGHT_OFF,stuff,2
LIGHT_OFF,fitch,2
LIGHT_OFF,out,2
LIGHT_OFF,this,1
LIGHT_OFF,now,1
LIGHT_OFF,chanellites,1
LIGHT_OFF,which,1
LIGHT_OFF,are,1
LIGHT_OFF,wasm,1
LIGHT_OFF,after,1
LIGHT_OFF,wash,1
LIGHT_OFF,blights,1
LIGHT_OFF,life,1
LIGHT_OFF,watching,1
LIGHT_OFF,later,1
LIGHT_OFF,late,1
LIGHT_OFF,sign,1
LIGHT_OFF,mid,1
LIGHT_OFF,each,1
LIGHT_OFF,lab,1
LIGHT_OFF,kitten,1
LIGHT_OFF,she's,1
LIGHT_OFF,a,1
LIGHT_OFF,blamp,1
LIGHT_OFF,drop,1
LIGHT_OFF,think,1
LIGHT_OFF,tonight's,1
LIGHT_OFF,is,1
LIGHT_OFF,can,1
LIGHT_OFF,let,1
LIGHT_OFF,mics,1
LIGHT_OFF,white's,1
LIGHT_OFF,worst,1
LIGHT_OFF,room,1
LIGHT_OFF,orshroom,1
LIGHT_OFF,socialize,1
LIGHT_OFF,nice,1
LIGHT_OFF,afternoon,1
LIGHT_OFF,map,1
LIGHT_OFF,until,1
LIGHT_OFF,time,1
LIGHT_OFF,physiothelites,1
LIGHT_OFF,v,1
LIGHT_OFF,mul,1
LIGHT_OFF,umesc,1
LIGHT_OFF,frumos,1
LIGHT_OFF,walk,1
LIGHT_OFF,lampas,1
LIGHT_OFF,fishtail,1
LIGHT_OFF,raito,1
LIGHT_OFF,findi,1
LIGHT_OFF,gichan,1
LIGHT_OFF,work,1
LIGHT_OFF,auf,1
LIGHT_OFF,die,1
LIGHT_OFF,leutzeneggechen,1
LIGHT_OFF,get,1
LIGHT_OFF,little,1
LIGHT_OFF,go,1
LIGHT_OFF,find,1
LIGHT_OFF,petrol,1
LIGHT_OFF,once,1
LIGHT_OFF,layout,1
LIGHT_OFF,pattern,1
LIGHT_OFF,those,1
LIGHT_OFF,right,1
LIGHT_OFF,flap,1
LIGHT_OFF,sir,1
LIGHT_OFF,forget,1
LIGHT_OFF,subscribe,1
LIGHT_OFF,our,1
LIGHT_OFF,channel,1
LIGHT_OFF,since,1
LIGHT_OFF,invitation,1
LIGHT_OFF,very,1
LIGHT_OFF,much,1
LIGHT_OFF,they,1
LIGHT_OFF,soap,1
LIGHT_OFF,see,1
LIGHT_OFF,video,1
LIGHT_OFF,adi,1
LIGHT_OFF,s,1
LIGHT_OFF,de,1
LIGHT_OFF,vosotros,1
LIGHT_OFF,wipes,1
LIGHT_OFF,biceroom,1
LIGHT_OFF,land,1
LIGHT_OFF,reach,1
LIGHT_OFF,we're,1
LIGHT_OFF,done,1
LIGHT_OFF,latsutra,1
LIGHT_OFF,path,1
LIGHT_OFF,benjamin,1
LIGHT_OFF,larson,1
LIGHT_OFF,chapter,1
LIGHT_OFF,was,1
LIGHT_OFF,some,1
LIGHT_OFF,construir,1
LIGHT_OFF,i'm,1
LIGHT_OFF,voice,1
LIGHT_OFF,yo,1
LIGHT_OFF,all,1
LIGHT_ON,on,1143
LIGHT_ON,the,1076
LIGHT_ON,lights,955
LIGHT_ON,turn,421
LIGHT_ON,switch,362
LIGHT_ON,kitchen,303
LIGHT_ON,in,277
LIGHT_ON,bedroom,205
LIGHT_ON,washroom,149
LIGHT_ON,bathroom,146
LIGHT_ON,lamp,141
LIGHT_ON,light,36
LIGHT_ON,and,6
LIGHT_ON,it's,5
LIGHT_ON,so,4
LIGHT_ON,i,3
LIGHT_ON,room,3
LIGHT_ON,that,3
LIGHT_ON,sound,3
LIGHT_ON,you,3
LIGHT_ON,a,3
LIGHT_ON,then,2
LIGHT_ON,why,2
LIGHT_ON,washing,2
LIGHT_ON,watch,2
LIGHT_ON,time,2
LIGHT_ON,bed,2
LIGHT_ON,for,2
LIGHT_ON,right,2
LIGHT_ON,belt,2
LIGHT_ON,life's,2
LIGHT_ON,let's,2
LIGHT_ON,thank,2
LIGHT_ON,was,2
LIGHT_ON,peace,2
LIGHT_ON,video,2
LIGHT_ON,stream,2
LIGHT_ON,live,2
LIGHT_ON,keepsun,1
LIGHT_ON,awesome,1
LIGHT_ON,them,1
LIGHT_ON,lies,1
LIGHT_ON,vasanth,1
LIGHT_ON,nights,1
LIGHT_ON,flap,1
LIGHT_ON,don't,1
LIGHT_ON,know,1
LIGHT_ON,limp,1
LIGHT_ON,amp,1
LIGHT_ON,drum,1
LIGHT_ON,swiss,1
LIGHT_ON,bosch,1
LIGHT_ON,lay,1
LIGHT_ON,down,1
LIGHT_ON,nap,1
LIGHT_ON,mm,1
LIGHT_ON,hmm,1
LIGHT_ON,one,1
LIGHT_ON,slap,1
LIGHT_ON,blush,1
LIGHT_ON,from,1
LIGHT_ON,turning,1
LIGHT_ON,lap,1
LIGHT_ON,lab,1
LIGHT_ON,with,1
LIGHT_ON,click,1
LIGHT_ON,background,1
LIGHT_ON,specially,1
LIGHT_ON,wash,1
LIGHT_ON,your,1
LIGHT_ON,bye,1
LIGHT_ON,son,1
LIGHT_ON,turned,1
LIGHT_ON,that's,1
LIGHT_ON,all,1
LIGHT_ON,now,1
LIGHT_ON,quick,1
LIGHT_ON,headlights,1
LIGHT_ON,dreamlights,1
LIGHT_ON,map,1
LIGHT_ON,push,1
LIGHT_ON,caron,1
LIGHT_ON,john,1
LIGHT_ON,first,1
LIGHT_ON,worst,1
LIGHT_ON,omelette,1
LIGHT_ON,trim,1
LIGHT_ON,button,1
LIGHT_ON,switchando,1
LIGHT_ON,blampon,1
LIGHT_ON,bitroom,1
LIGHT_ON,s,1
LIGHT_ON,ceand,1
LIGHT_ON,m,1
LIGHT_ON,drumlele,1
LIGHT_ON,what,1
LIGHT_ON,leads,1
LIGHT_ON,washable,1
LIGHT_ON,moon,1
LIGHT_ON,chichandranam,1
LIGHT_ON,good,1
LIGHT_ON,night,1
LIGHT_ON,sir,1
LIGHT_ON,there,1
LIGHT_ON,mites,1
LIGHT_ON,off,1
LIGHT_ON,vengeance,1
LIGHT_ON,go,1
LIGHT_ON,to,1
LIGHT_ON,sushantakrish,1
LIGHT_ON,zone,1
LIGHT_ON,see,1
LIGHT_ON,next,1
LIGHT_ON,western,1
LIGHT_ON,lesson,1
LIGHT_ON,decision,1
LIGHT_ON,bottom,1
LIGHT_ON,legs,1
LIGHT_ON,wipe,1
LIGHT_ON,done,1
LIGHT_ON,only,1
LIGHT_ON,sui,1
LIGHT_ON,cento,1
LIGHT_ON,peggio,1
LIGHT_ON,love,1
LIGHT_ON,watching,1
LIGHT_ON,like,1
LIGHT_ON,soon,1
MEDIA_NEXT,next,865
MEDIA_NEXT,song,798
MEDIA_NEXT,thanks,36
MEDIA_NEXT,one,33
MEDIA_NEXT,for,30
MEDIA_NEXT,watching,28
MEDIA_NEXT,the,22
MEDIA_NEXT,time,15
MEDIA_NEXT,n,15
MEDIA_NEXT,that's,11
MEDIA_NEXT,all,8
MEDIA_NEXT,chstes,7
MEDIA_NEXT,chste,6
MEDIA_NEXT,and,6
MEDIA_NEXT,sonne,5
MEDIA_NEXT,stop,5
MEDIA_NEXT,see,4
MEDIA_NEXT,you,4
MEDIA_NEXT,it's,4
MEDIA_NEXT,summer,3
MEDIA_NEXT,nice,3
MEDIA_NEXT,excellent,3
MEDIA_NEXT,stone,3
MEDIA_NEXT,is,3
MEDIA_NEXT,set,3
MEDIA_NEXT,sum,2
MEDIA_NEXT,side,2
MEDIA_NEXT,son,2
MEDIA_NEXT,chster,2
MEDIA_NEXT,it,2
MEDIA_NEXT,mal,2
MEDIA_NEXT,show,2
MEDIA_NEXT,soho,2
MEDIA_NEXT,sofa,2
MEDIA_NEXT,soul,2
MEDIA_NEXT,salmon,1
MEDIA_NEXT,up,1
MEDIA_NEXT,summary,1
MEDIA_NEXT,nesson,1
MEDIA_NEXT,nekst,1
MEDIA_NEXT,niks,1
MEDIA_NEXT,sorry,1
MEDIA_NEXT,on,1
MEDIA_NEXT,so,1
MEDIA_NEXT,cool,1
MEDIA_NEXT,saison,1
MEDIA_NEXT,slow,1
MEDIA_NEXT,sock,1
MEDIA_NEXT,double,1
MEDIA_NEXT,selanjutnya,1
MEDIA_NEXT,solo,1
MEDIA_NEXT,o,1
MEDIA_NEXT,que,1
MEDIA_NEXT,isso,1
MEDIA_NEXT,tool,1
MEDIA_NEXT,nestle,1
MEDIA_NEXT,zone,1
MEDIA_NEXT,same,1
MEDIA_NEXT,rest,1
MEDIA_NEXT,let's,1
MEDIA_NEXT,try,1
MEDIA_NEXT,where,1
MEDIA_NEXT,salt,1
MEDIA_NEXT,what's,1
MEDIA_NEXT,relax,1
MEDIA_NEXT,i'll,1
MEDIA_NEXT,ecco,1
MEDIA_NEXT,my,1
MEDIA_NEXT,name,1
MEDIA_NEXT,slide,1
MEDIA_NEXT,your,1
MEDIA_NEXT,a,1
MEDIA_NEXT,lot,1
MEDIA_PAUSE,pause,427
MEDIA_PAUSE,music,373
MEDIA_PAUSE,the,195
MEDIA_PAUSE,pass,8
MEDIA_PAUSE,boss,5
MEDIA_PAUSE,fast,5
MEDIA_PAUSE,pasta,5
MEDIA_PAUSE,s,5
MEDIA_PAUSE,p,3
MEDIA_PAUSE,a,3
MEDIA_PAUSE,awesome,3
MEDIA_PAUSE,as,2
MEDIA_PAUSE,mexica,2
MEDIA_PAUSE,vos,2
MEDIA_PAUSE,tambi,2
MEDIA_PAUSE,n,2
MEDIA_PAUSE,pulse,2
MEDIA_PAUSE,minha,2
MEDIA_PAUSE,pas,2
MEDIA_PAUSE,past,2
MEDIA_PAUSE,cause,1
MEDIA_PAUSE,call,1
MEDIA_PAUSE,us,1
MEDIA_PAUSE,bus,1
MEDIA_PAUSE,myysik,1
MEDIA_PAUSE,r,1
MEDIA_PAUSE,posta,1
MEDIA_PAUSE,zik,1
MEDIA_PAUSE,this,1
MEDIA_PAUSE,basta,1
MEDIA_PAUSE,haas,1
MEDIA_PAUSE,movie,1
MEDIA_PAUSE,paz,1
MEDIA_PAUSE,false,1
MEDIA_PAUSE,puss,1
MEDIA_PAUSE,mythic,1
MEDIA_PAUSE,classical,1
MEDIA_PAUSE,hug,1
MEDIA_PAUSE,da,1
MEDIA_PAUSE,exig,1
MEDIA_PAUSE,ncia,1
MEDIA_PAUSE,please,1
MEDIA_STOP,stop,539
MEDIA_STOP,music,380
MEDIA_STOP,the,197
MEDIA_STOP,start,12
MEDIA_STOP,using,3
MEDIA_STOP,up,2
MEDIA_STOP,thank,2
MEDIA_STOP,you,2
MEDIA_STOP,that,2
MEDIA_STOP,stomp,2
MEDIA_STOP,stoke,2
MEDIA_STOP,we'll,1
MEDIA_STOP,motorcycle,1
MEDIA_STOP,top,1
MEDIA_STOP,der,1
MEDIA_STOP,musik,1
MEDIA_STOP,staff,1
PLAY_MUSIC,music,487
PLAY_MUSIC,the,364
PLAY_MUSIC,play,324
PLAY_MUSIC,start,128
PLAY_MUSIC,on,122
PLAY_MUSIC,put,116
PLAY_MUSIC,played,4
PLAY_MUSIC,turn,3
PLAY_MUSIC,in,3
PLAY_MUSIC,bye,3
PLAY_MUSIC,l,2
PLAY_MUSIC,yeah,2
PLAY_MUSIC,stop,1
PLAY_MUSIC,lee,1
PLAY_MUSIC,they're,1
PLAY_MUSIC,missing,1
PLAY_MUSIC,why,1
PLAY_MUSIC,lay,1
PLAY_MUSIC,f,1
PLAY_MUSIC,y,1
PLAY_MUSIC,thanks,1
PLAY_MUSIC,for,1
PLAY_MUSIC,watching,1
PLAY_MUSIC,have,1
PLAY_MUSIC,a,1
PLAY_MUSIC,great,1
PLAY_MUSIC,day,1
PLAY_MUSIC,dick,1
PLAY_MUSIC,les,1
PLAY_MUSIC,that,1
PLAY_MUSIC,but,1
PLAY_MUSIC,all,1
PLAY_MUSIC,right,1
PLAY_MUSIC,starting,1
PLAY_MUSIC,pro,1
PLAY_MUSIC,no,1
SET_ALARM,alarm,731
SET_ALARM,set,640
SET_ALARM,for,597
SET_ALARM,m,503
SET_ALARM,a,377
SET_ALARM,at,296
SET_ALARM,an,276
SET_ALARM,p,167
SET_ALARM,the,163
SET_ALARM,me,147
SET_ALARM,my,140
SET_ALARM,up,137
SET_ALARM,wake,134
SET_ALARM,am,107
SET_ALARM,tomorrow,100
SET_ALARM,please,94
SET_ALARM,morning,81
SET_ALARM,in,66
SET_ALARM,on,62
SET_ALARM,from,57
SET_ALARM,pm,55
SET_ALARM,time,52
SET_ALARM,now,47
SET_ALARM,this,45
SET_ALARM,to,42
SET_ALARM,i,41
SET_ALARM,hours,36
SET_ALARM,o'clock,33
SET_ALARM,you,25
SET_ALARM,of,25
SET_ALARM,week,24
SET_ALARM,put,22
SET_ALARM,tuesday,20
SET_ALARM,and,20
SET_ALARM,two,20
SET_ALARM,hour,19
SET_ALARM,need,19
SET_ALARM,make,16
SET_ALARM,every,16
SET_ALARM,monday,16
SET_ALARM,friday,15
SET_ALARM,can,14
SET_ALARM,that,14
SET_ALARM,it,13
SET_ALARM,minutes,13
SET_ALARM,next,12
SET_ALARM,th,12
SET_ALARM,half,11
SET_ALARM,along,11
SET_ALARM,today,11
SET_ALARM,create,11
SET_ALARM,evening,10
SET_ALARM,one,10
SET_ALARM,i'm,9
SET_ALARM,long,9
SET_ALARM,new,9
SET_ALARM,send,8
SET_ALARM,call,8
SET_ALARM,five,8
SET_ALARM,wednesday,8
SET_ALARM,may,8
SET_ALARM,want,8
SET_ALARM,out,8
SET_ALARM,line,7
SET_ALARM,that's,7
SET_ALARM,so,7
SET_ALARM,o'r,7
SET_ALARM,noon,7
SET_ALARM,month,7
SET_ALARM,alone,7
SET_ALARM,saturday,7
SET_ALARM,all,7
SET_ALARM,weekday,7
SET_ALARM,home,7
SET_ALARM,rd,7
SET_ALARM,hour's,7
SET_ALARM,setting,6
SET_ALARM,april,6
SET_ALARM,ychwanegwch,6
SET_ALARM,after,6
SET_ALARM,march,6
SET_ALARM,classes,6
SET_ALARM,could,6
SET_ALARM,weekends,6
SET_ALARM,get,6
SET_ALARM,when,6
SET_ALARM,thursday,6
SET_ALARM,june,6
SET_ALARM,mealtime,5
SET_ALARM,mlynedd,5
SET_ALARM,such,5
SET_ALARM,is,5
SET_ALARM,dance,5
SET_ALARM,before,5
SET_ALARM,start,5
SET_ALARM,turn,5
SET_ALARM,only,5
SET_ALARM,driving,5
SET_ALARM,remember,5
SET_ALARM,stop,5
SET_ALARM,store,5
SET_ALARM,food,5
SET_ALARM,meal,5
SET_ALARM,afternoon,5
SET_ALARM,or,4
SET_ALARM,whole,4
SET_ALARM,yn,4
SET_ALARM,y,4
SET_ALARM,love,4
SET_ALARM,off,4
SET_ALARM,o,4
SET_ALARM,it's,4
SET_ALARM,ring,4
SET_ALARM,starts,4
SET_ALARM,sit,4
SET_ALARM,catch,4
SET_ALARM,train,4
SET_ALARM,what,4
SET_ALARM,with,4
SET_ALARM,arrange,4
SET_ALARM,daybreak,4
SET_ALARM,day,4
SET_ALARM,sunday,4
SET_ALARM,class,4
SET_ALARM,pada,4
SET_ALARM,rwy'n,3
SET_ALARM,second,3
SET_ALARM,say,3
SET_ALARM,not,3
SET_ALARM,soccer,3
SET_ALARM,practice,3
SET_ALARM,taxi,3
SET_ALARM,then,3
SET_ALARM,settle,3
SET_ALARM,down,3
SET_ALARM,saya,3
SET_ALARM,untuk,3
SET_ALARM,register,3
SET_ALARM,early,3
SET_ALARM,adopters,3
SET_ALARM,program,3
SET_ALARM,add,3
SET_ALARM,alam,3
SET_ALARM,place,3
SET_ALARM,as,3
SET_ALARM,three,3
SET_ALARM,clock,3
SET_ALARM,tone,3
SET_ALARM,hari,3
SET_ALARM,them,3
SET_ALARM,mynd,2
SET_ALARM,st,2
SET_ALARM,don't,2
SET_ALARM,know,2
SET_ALARM,will,2
SET_ALARM,go,2
SET_ALARM,fy,2
SET_ALARM,we,2
SET_ALARM,weithiau,2
SET_ALARM,ddau,2
SET_ALARM,ar,2
SET_ALARM,making,2
SET_ALARM,room,2
SET_ALARM,lot,2
SET_ALARM,we'll,2
SET_ALARM,be,2
SET_ALARM,coming,2
SET_ALARM,begin,2
SET_ALARM,phone,2
SET_ALARM,november,2
SET_ALARM,starting,2
SET_ALARM,would,2
SET_ALARM,like,2
SET_ALARM,how,2
SET_ALARM,they,2
SET_ALARM,log,2
SET_ALARM,mobile,2
SET_ALARM,phones,2
SET_ALARM,life,2
SET_ALARM,was,2
SET_ALARM,schedule,2
SET_ALARM,days,2
SET_ALARM,weeks,2
SET_ALARM,you're,2
SET_ALARM,are,2
SET_ALARM,perlu,2
SET_ALARM,menetapkan,2
SET_ALARM,lamp,2
SET_ALARM,by,2
SET_ALARM,label,2
SET_ALARM,alignment,2
SET_ALARM,echo,2
SET_ALARM,says,1
SET_ALARM,apm,1
SET_ALARM,mae'r,1
SET_ALARM,wedi'i,1
SET_ALARM,gwneud,1
SET_ALARM,ffordd,1
SET_ALARM,ddiwrnod,1
SET_ALARM,ym,1
SET_ALARM,mhrifysgol,1
SET_ALARM,selamat,1
SET_ALARM,menikmati,1
SET_ALARM,world,1
SET_ALARM,why,1
SET_ALARM,here,1
SET_ALARM,search,1
SET_ALARM,ymlaen,1
SET_ALARM,mewn,1
SET_ALARM,putting,1
SET_ALARM,homing,1
SET_ALARM,first,1
SET_ALARM,marn,1
SET_ALARM,keeping,1
SET_ALARM,ddiweddol,1
SET_ALARM,ap,1
SET_ALARM,another,1
SET_ALARM,those,1
SET_ALARM,heddiw,1
SET_ALARM,announcement,1
SET_ALARM,laugh,1
SET_ALARM,enough,1
SET_ALARM,lock,1
SET_ALARM,your,1
SET_ALARM,lofts,1
SET_ALARM,trove,1
SET_ALARM,peace,1
SET_ALARM,great,1
SET_ALARM,eight,1
SET_ALARM,delays,1
SET_ALARM,satang,1
SET_ALARM,umkaan,1
SET_ALARM,memerlukan,1
SET_ALARM,alon,1
SET_ALARM,work,1
SET_ALARM,sat,1
SET_ALARM,mai,1
SET_ALARM,about,1
SET_ALARM,tell,1
SET_ALARM,man,1
SET_ALARM,thanks,1
SET_ALARM,big,1
SET_ALARM,loan,1
SET_ALARM,million,1
SET_ALARM,fine,1
SET_ALARM,number,1
SET_ALARM,stand,1
SET_ALARM,sending,1
SET_ALARM,hello,1
SET_ALARM,column,1
SET_ALARM,searching,1
SET_ALARM,alarmy,1
SET_ALARM,godziny,1
SET_ALARM,z,1
SET_ALARM,mojego,1
SET_ALARM,godzina,1
SET_ALARM,sig,1
SET_ALARM,our,1
SET_ALARM,accept,1
SET_ALARM,luck,1
SET_ALARM,lawn,1
SET_ALARM,works,1
SET_ALARM,break,1
SET_ALARM,i'll,1
SET_ALARM,google,1
SET_ALARM,third,1
SET_ALARM,since,1
SET_ALARM,started,1
SET_ALARM,alarms,1
SET_ALARM,thank,1
SET_ALARM,very,1
SET_ALARM,much,1
SET_ALARM,tip,1
SET_ALARM,letter,1
SET_ALARM,watch,1
SET_ALARM,allow,1
SET_ALARM,loud,1
SET_ALARM,stopped,1
SET_ALARM,signing,1
SET_ALARM,went,1
SET_ALARM,certainly,1
SET_ALARM,type,1
SET_ALARM,do,1
SET_ALARM,everyday,1
SET_ALARM,panggilan,1
SET_ALARM,selanjutnya,1
SET_ALARM,waktu,1
SET_ALARM,tengah,1
SET_ALARM,seterusnya,1
SET_ALARM,malam,1
SET_ALARM,fight,1
SET_ALARM,working,1
SET_ALARM,way,1
SET_ALARM,site,1
SET_ALARM,bomb,1
SET_ALARM,file,1
SET_ALARM,save,1
SET_ALARM,learn,1
SET_ALARM,air,1
SET_ALARM,ychwanegu'r,1
SET_ALARM,blynyddoedd,1
SET_ALARM,rhyw,1
SET_ALARM,larn,1
SET_ALARM,sexist,1
SET_ALARM,sex,1
SET_ALARM,sets,1
SET_ALARM,katsotaan,1
SET_ALARM,alaamalla,1
SET_ALARM,certain,1
SET_ALARM,amount,1
SET_ALARM,pick,1
SET_ALARM,end,1
SET_ALARM,setz,1
SET_ALARM,der,1
SET_ALARM,lage,1
SET_ALARM,f,1
SET_ALARM,r,1
SET_ALARM,vaccine,1
SET_ALARM,alert,1
SET_ALARM,where,1
SET_ALARM,meet,1
SET_ALARM,dechrau'r,1
SET_ALARM,amser,1
SET_ALARM,nghymdeithas,1
SET_ALARM,i'r,1
SET_ALARM,tune,1
SET_ALARM,too,1
SET_ALARM,alarmable,1
SET_ALARM,terakhir,1
SET_ALARM,ini,1
SET_ALARM,boleh,1
SET_ALARM,dibuat,1
SET_ALARM,pukul,1
SET_ALARM,pagi,1
SET_ALARM,lump,1
SET_ALARM,past,1
SET_ALARM,siddhalam,1
SET_TEMPERATURE,degrees,594
SET_TEMPERATURE,to,498
SET_TEMPERATURE,the,406
SET_TEMPERATURE,set,320
SET_TEMPERATURE,temperature,318
SET_TEMPERATURE,thermostat,132
SET_TEMPERATURE,it,121
SET_TEMPERATURE,please,101
SET_TEMPERATURE,change,91
SET_TEMPERATURE,room,89
SET_TEMPERATURE,adjust,89
SET_TEMPERATURE,make,66
SET_TEMPERATURE,at,29
SET_TEMPERATURE,and,19
SET_TEMPERATURE,my,17
SET_TEMPERATURE,i'd,16
SET_TEMPERATURE,temp,16
SET_TEMPERATURE,like,15
SET_TEMPERATURE,ahead,14
SET_TEMPERATURE,go,11
SET_TEMPERATURE,put,11
SET_TEMPERATURE,ang,7
SET_TEMPERATURE,temperatura,5
SET_TEMPERATURE,sa,5
SET_TEMPERATURE,c,5
SET_TEMPERATURE,ajust,4
SET_TEMPERATURE,changed,3
SET_TEMPERATURE,up,3
SET_TEMPERATURE,pull,3
SET_TEMPERATURE,mababas,2
SET_TEMPERATURE,pag,2
SET_TEMPERATURE,temperatures,2
SET_TEMPERATURE,sad,2
SET_TEMPERATURE,but,2
SET_TEMPERATURE,is,2
SET_TEMPERATURE,let,2
SET_TEMPERATURE,teb,2
SET_TEMPERATURE,boar,2
SET_TEMPERATURE,head,2
SET_TEMPERATURE,pagkita,1
SET_TEMPERATURE,for,1
SET_TEMPERATURE,pleased,1
SET_TEMPERATURE,firmest,1
SET_TEMPERATURE,made,1
SET_TEMPERATURE,eight,1
SET_TEMPERATURE,pagkatapos,1
SET_TEMPERATURE,pagkain,1
SET_TEMPERATURE,firmness,1
SET_TEMPERATURE,stat,1
SET_TEMPERATURE,so,1
SET_TEMPERATURE,did,1
SET_TEMPERATURE,th,1
SET_TEMPERATURE,of,1
SET_TEMPERATURE,rees,1
SET_TIMER,for,588
SET_TIMER,timer,587
SET_TIMER,minutes,405
SET_TIMER,set,312
SET_TIMER,seconds,294
SET_TIMER,start,275
SET_TIMER,the,258
SET_TIMER,and,173
SET_TIMER,a,164
SET_TIMER,hours,83
SET_TIMER,hour,67
SET_TIMER,two,46
SET_TIMER,minute,40
SET_TIMER,one,39
SET_TIMER,six,22
SET_TIMER,seven,12
SET_TIMER,three,12
SET_TIMER,four,11
SET_TIMER,five,11
SET_TIMER,nine,9
SET_TIMER,eight,8
SET_TIMER,time,4
SET_TIMER,of,3
SET_TIMER,starts,2
SET_TIMER,or,1
SET_TIMER,sit,1
SET_TIMER,second,1
SET_TIMER,up,1
SET_TIMER,startup,1
SET_TIMER,my,1
SILENCE,for,625
SILENCE,watching,625
SILENCE,thanks,570
SILENCE,you,60
SILENCE,thank,58
SILENCE,bon,1
SILENCE,appetit,1
TIME,time,565
TIME,is,350
TIME,the,350
TIME,what,339
TIME,it,173
TIME,now,118
TIME,current,118
TIME,me,102
TIME,what's,97
TIME,tell,97
TIME,right,52
TIME,can,46
TIME,you,46
TIME,please,23
TIME,i,14
TIME,a,11
TIME,hey,11
TIME,to,8
TIME,it's,6
TIME,know,6
TIME,and,5
TIME,could,5
TIME,in,5
TIME,this,5
TIME,get,5
TIME,clock,5
TIME,tie,4
TIME,yut,4
TIME,timing,4
TIME,with,3
TIME,at,3
TIME,of,3
TIME,tommy,2
TIME,mine,2
TIME,face,2
TIME,going,2
TIME,down,2
TIME,we're,2
TIME,give,2
TIME,dime,2
TIME,say,2
TIME,mute,2
TIME,mutual,2
TIME,twice,2
TIME,part,2
TIME,pda,2
TIME,kermit,2
TIME,about,2
TIME,karen's,2
TIME,i'm,2
TIME,so,2
TIME,tired,2
TIME,are,2
TIME,for,2
TIME,correct,2
TIME,though,2
TIME,okay,2
TIME,car,2
TIME,think,2
TIME,some,2
TIME,type,2
TIME,call,2
TIME,go,1
TIME,ahead,1
TIME,drive,1
TIME,done,1
TIME,dyeing,1
TIME,same,1
TIME,your,1
TIME,kaj,1
TIME,as,1
TIME,tukaj,1
TIME,central,1
TIME,help,1
TIME,name,1
TIME,am,1
TIME,telling,1
TIME,which,1
TIME,good,1
TIME,sweetie,1
TIME,harvent,1
TIME,around,1
TIME,does,1
TIME,panel,1
TIME,any,1
UNKNOWN,the,1126
UNKNOWN,to,683
UNKNOWN,is,512
UNKNOWN,me,457
UNKNOWN,i,424
UNKNOWN,what,416
UNKNOWN,email,405
UNKNOWN,of,358
UNKNOWN,in,308
UNKNOWN,how,304
UNKNOWN,my,303
UNKNOWN,a,282
UNKNOWN,new,244
UNKNOWN,for,240
UNKNOWN,on,219
UNKNOWN,from,218
UNKNOWN,you,217
UNKNOWN,news,213
UNKNOWN,tell,187
UNKNOWN,and,182
UNKNOWN,send,179
UNKNOWN,about,175
UNKNOWN,please,166
UNKNOWN,emails,161
UNKNOWN,do,149
UNKNOWN,have,144
UNKNOWN,an,138
UNKNOWN,any,135
UNKNOWN,what's,133
UNKNOWN,are,112
UNKNOWN,latest,104
UNKNOWN,can,101
UNKNOWN,this,99
UNKNOWN,last,93
UNKNOWN,that,93
UNKNOWN,today,84
UNKNOWN,with,76
UNKNOWN,at,75
UNKNOWN,there,75
UNKNOWN,be,71
UNKNOWN,dollar,69
UNKNOWN,know,69
UNKNOWN,rate,68
UNKNOWN,show,68
UNKNOWN,was,66
UNKNOWN,much,64
UNKNOWN,exchange,63
UNKNOWN,check,63
UNKNOWN,give,63
UNKNOWN,all,62
UNKNOWN,did,61
UNKNOWN,facebook,60
UNKNOWN,tweet,60
UNKNOWN,stock,58
UNKNOWN,many,58
UNKNOWN,price,56
UNKNOWN,contact,55
UNKNOWN,will,54
UNKNOWN,cook,53
UNKNOWN,us,52
UNKNOWN,want,51
UNKNOWN,if,51
UNKNOWN,reply,50
UNKNOWN,need,49
UNKNOWN,world,48
UNKNOWN,it,48
UNKNOWN,does,46
UNKNOWN,time,46
UNKNOWN,get,46
UNKNOWN,when,45
UNKNOWN,who,44
UNKNOWN,make,43
UNKNOWN,between,42
UNKNOWN,service,42
UNKNOWN,mail,42
UNKNOWN,john,41
UNKNOWN,up,41
UNKNOWN,find,40
UNKNOWN,sent,40
UNKNOWN,twitter,40
UNKNOWN,now,40
UNKNOWN,old,40
UNKNOWN,message,39
UNKNOWN,current,38
UNKNOWN,recipe,37
UNKNOWN,received,37
UNKNOWN,address,36
UNKNOWN,contacts,36
UNKNOWN,long,36
UNKNOWN,add,35
UNKNOWN,post,35
UNKNOWN,has,35
UNKNOWN,e,35
UNKNOWN,going,34
UNKNOWN,let,33
UNKNOWN,times,33
UNKNOWN,number,32
UNKNOWN,definition,31
UNKNOWN,like,31
UNKNOWN,right,31
UNKNOWN,where,31
UNKNOWN,york,29
UNKNOWN,complaint,29
UNKNOWN,should,28
UNKNOWN,most,28
UNKNOWN,trump,28
UNKNOWN,would,27
UNKNOWN,happening,26
UNKNOWN,recent,26
UNKNOWN,com,26
UNKNOWN,i'm,26
UNKNOWN,pda,25
UNKNOWN,euro,24
UNKNOWN,media,24
UNKNOWN,out,24
UNKNOWN,late,24
UNKNOWN,customer,24
UNKNOWN,or,23
UNKNOWN,go,23
UNKNOWN,read,23
UNKNOWN,saying,23
UNKNOWN,your,22
UNKNOWN,cooking,22
UNKNOWN,social,22
UNKNOWN,we,21
UNKNOWN,one,21
UNKNOWN,information,21
UNKNOWN,best,21
UNKNOWN,open,21
UNKNOWN,subject,21
UNKNOWN,not,21
UNKNOWN,am,20
UNKNOWN,as,20
UNKNOWN,donald,20
UNKNOWN,by,20
UNKNOWN,create,19
UNKNOWN,work,19
UNKNOWN,dinner,19
UNKNOWN,anything,19
UNKNOWN,cnn,19
UNKNOWN,morning,19
UNKNOWN,m,19
UNKNOWN,election,19
UNKNOWN,way,19
UNKNOWN,word,18
UNKNOWN,updates,18
UNKNOWN,friend,18
UNKNOWN,use,18
UNKNOWN,phone,18
UNKNOWN,hours,18
UNKNOWN,some,18
UNKNOWN,highest,18
UNKNOWN,inbox,18
UNKNOWN,pasta,18
UNKNOWN,describe,18
UNKNOWN,hey,18
UNKNOWN,could,17
UNKNOWN,mom,17
UNKNOWN,president,17
UNKNOWN,his,17
UNKNOWN,help,17
UNKNOWN,week,16
UNKNOWN,only,16
UNKNOWN,following,16
UNKNOWN,list,16
UNKNOWN,which,16
UNKNOWN,capital,16
UNKNOWN,him,16
UNKNOWN,y,15
UNKNOWN,ingredients,15
UNKNOWN,he,15
UNKNOWN,their,15
UNKNOWN,top,15
UNKNOWN,stories,15
UNKNOWN,boil,15
UNKNOWN,good,15
UNKNOWN,breaking,14
UNKNOWN,her,14
UNKNOWN,india,14
UNKNOWN,pull,14
UNKNOWN,write,14
UNKNOWN,meeting,14
UNKNOWN,start,14
UNKNOWN,tomorrow,14
UNKNOWN,three,14
UNKNOWN,they,14
UNKNOWN,it's,14
UNKNOWN,rice,13
UNKNOWN,status,13
UNKNOWN,gmail,13
UNKNOWN,amazon,13
UNKNOWN,pound,13
UNKNOWN,two,13
UNKNOWN,google,13
UNKNOWN,trending,13
UNKNOWN,china,13
UNKNOWN,mountain,13
UNKNOWN,egg,13
UNKNOWN,smith,13
UNKNOWN,plus,12
UNKNOWN,s,12
UNKNOWN,doing,12
UNKNOWN,day,12
UNKNOWN,got,12
UNKNOWN,provide,12
UNKNOWN,say,12
UNKNOWN,them,12
UNKNOWN,chicken,12
UNKNOWN,tom,12
UNKNOWN,year,12
UNKNOWN,today's,12
UNKNOWN,obama,12
UNKNOWN,headlines,12
UNKNOWN,name,12
UNKNOWN,car,12
UNKNOWN,come,12
UNKNOWN,sarah,12
UNKNOWN,p,12
UNKNOWN,ollie,12
UNKNOWN,food,11
UNKNOWN,update,11
UNKNOWN,boss,11
UNKNOWN,too,11
UNKNOWN,population,11
UNKNOWN,trump's,11
UNKNOWN,home,11
UNKNOWN,consumer,11
UNKNOWN,birthday,11
UNKNOWN,family,11
UNKNOWN,regarding,11
UNKNOWN,usd,11
UNKNOWN,mails,11
UNKNOWN,next,11
UNKNOWN,born,11
UNKNOWN,call,11
UNKNOWN,bbc,11
UNKNOWN,description,11
UNKNOWN,answer,10
UNKNOWN,so,10
UNKNOWN,height,10
UNKNOWN,house,10
UNKNOWN,unread,10
UNKNOWN,barack,10
UNKNOWN,first,10
UNKNOWN,microsoft,10
UNKNOWN,leave,10
UNKNOWN,compose,10
UNKNOWN,see,10
UNKNOWN,take,10
UNKNOWN,five,10
UNKNOWN,movie,10
UNKNOWN,likes,10
UNKNOWN,company,10
UNKNOWN,pm,10
UNKNOWN,look,10
UNKNOWN,apa,10
UNKNOWN,soup,10
UNKNOWN,saya,10
UNKNOWN,more,9
UNKNOWN,instagram,9
UNKNOWN,notify,9
UNKNOWN,money,9
UNKNOWN,united,9
UNKNOWN,currency,9
UNKNOWN,u,9
UNKNOWN,thank,9
UNKNOWN,prepare,9
UNKNOWN,ychwanegwch,9
UNKNOWN,page,9
UNKNOWN,book,9
UNKNOWN,issues,9
UNKNOWN,market,9
UNKNOWN,don't,9
UNKNOWN,apple,9
UNKNOWN,mike,9
UNKNOWN,every,9
UNKNOWN,complaints,9
UNKNOWN,tomato,9
UNKNOWN,jane,8
UNKNOWN,think,8
UNKNOWN,off,8
UNKNOWN,currently,8
UNKNOWN,largest,8
UNKNOWN,rupee,8
UNKNOWN,meet,8
UNKNOWN,yen,8
UNKNOWN,save,8
UNKNOWN,drop,8
UNKNOWN,again,8
UNKNOWN,george,8
UNKNOWN,photo,8
UNKNOWN,change,8
UNKNOWN,la,8
UNKNOWN,these,8
UNKNOWN,wait,8
UNKNOWN,ar,8
UNKNOWN,mel,8
UNKNOWN,l,8
UNKNOWN,david,8
UNKNOWN,joe,8
UNKNOWN,live,8
UNKNOWN,hour,8
UNKNOWN,cheese,8
UNKNOWN,tall,8
UNKNOWN,our,8
UNKNOWN,person,8
UNKNOWN,treat,8
UNKNOWN,costs,8
UNKNOWN,friends,8
UNKNOWN,i'll,8
UNKNOWN,here,7
UNKNOWN,project,7
UNKNOWN,happened,7
UNKNOWN,article,7
UNKNOWN,mary,7
UNKNOWN,politics,7
UNKNOWN,sports,7
UNKNOWN,rates,7
UNKNOWN,profile,7
UNKNOWN,just,7
UNKNOWN,tonight,7
UNKNOWN,may,7
UNKNOWN,i'r,7
UNKNOWN,ymlaen,7
UNKNOWN,school,7
UNKNOWN,over,7
UNKNOWN,account,7
UNKNOWN,very,7
UNKNOWN,response,7
UNKNOWN,city,7
UNKNOWN,indian,7
UNKNOWN,american,7
UNKNOWN,white,7
UNKNOWN,wish,7
UNKNOWN,dog,7
UNKNOWN,yesterday,7
UNKNOWN,mean,7
UNKNOWN,yahoo,7
UNKNOWN,cell,7
UNKNOWN,budget,7
UNKNOWN,yn,7
UNKNOWN,stocks,7
UNKNOWN,still,7
UNKNOWN,area,7
UNKNOWN,newydd,7
UNKNOWN,cake,7
UNKNOWN,british,7
UNKNOWN,buy,7
UNKNOWN,o,7
UNKNOWN,evening,7
UNKNOWN,replied,7
UNKNOWN,oli,7
UNKNOWN,dollars,7
UNKNOWN,after,7
UNKNOWN,events,7
UNKNOWN,respond,7
UNKNOWN,pay,7
UNKNOWN,keep,7
UNKNOWN,then,7
UNKNOWN,title,6
UNKNOWN,content,6
UNKNOWN,minutes,6
UNKNOWN,better,6
UNKNOWN,years,6
UNKNOWN,comcast,6
UNKNOWN,anyone,6
UNKNOWN,nigeria,6
UNKNOWN,per,6
UNKNOWN,ball,6
UNKNOWN,great,6
UNKNOWN,sentence,6
UNKNOWN,internet,6
UNKNOWN,topic,6
UNKNOWN,ffyrdd,6
UNKNOWN,value,6
UNKNOWN,receive,6
UNKNOWN,asking,6
UNKNOWN,ask,6
UNKNOWN,jack,6
UNKNOWN,down,6
UNKNOWN,complain,6
UNKNOWN,everest,6
UNKNOWN,question,6
UNKNOWN,mom's,6
UNKNOWN,state,6
UNKNOWN,horrible,6
UNKNOWN,worth,6
UNKNOWN,james,6
UNKNOWN,search,6
UNKNOWN,euros,6
UNKNOWN,meaning,6
UNKNOWN,rwy'n,6
UNKNOWN,mynd,6
UNKNOWN,gas,6
UNKNOWN,back,6
UNKNOWN,youtube,6
UNKNOWN,delivery,6
UNKNOWN,square,6
UNKNOWN,root,6
UNKNOWN,dan,6
UNKNOWN,michael,6
UNKNOWN,married,6
UNKNOWN,happy,6
UNKNOWN,didn't,6
UNKNOWN,love,6
UNKNOWN,sister,6
UNKNOWN,yet,6
UNKNOWN,paris,6
UNKNOWN,through,6
UNKNOWN,biggest,6
UNKNOWN,why,6
UNKNOWN,moment,6
UNKNOWN,mailbox,6
UNKNOWN,mwaka,6
UNKNOWN,distance,5
UNKNOWN,around,5
UNKNOWN,magda,5
UNKNOWN,emailed,5
UNKNOWN,matthew,5
UNKNOWN,brad,5
UNKNOWN,pitt,5
UNKNOWN,stuff,5
UNKNOWN,made,5
UNKNOWN,river,5
UNKNOWN,alexa,5
UNKNOWN,against,5
UNKNOWN,soon,5
UNKNOWN,mars,5
UNKNOWN,win,5
UNKNOWN,states,5
UNKNOWN,request,5
UNKNOWN,wedi'i,5
UNKNOWN,freedom,5
UNKNOWN,hear,5
UNKNOWN,comments,5
UNKNOWN,russia,5
UNKNOWN,past,5
UNKNOWN,put,5
UNKNOWN,result,5
UNKNOWN,details,5
UNKNOWN,earth,5
UNKNOWN,mount,5
UNKNOWN,explain,5
UNKNOWN,migration,5
UNKNOWN,forward,5
UNKNOWN,favorite,5
UNKNOWN,tacos,5
UNKNOWN,id,5
UNKNOWN,beth,5
UNKNOWN,ymwneud,5
UNKNOWN,figure,5
UNKNOWN,water,5
UNKNOWN,days,5
UNKNOWN,hot,5
UNKNOWN,local,5
UNKNOWN,app,5
UNKNOWN,exact,5
UNKNOWN,handle,5
UNKNOWN,pop,5
UNKNOWN,range,5
UNKNOWN,fy,5
UNKNOWN,remind,5
UNKNOWN,object,5
UNKNOWN,jackson,5
UNKNOWN,alert,5
UNKNOWN,since,5
UNKNOWN,books,5
UNKNOWN,telephone,5
UNKNOWN,lost,5
UNKNOWN,learn,5
UNKNOWN,meal,5
UNKNOWN,date,5
UNKNOWN,means,5
UNKNOWN,video,5
UNKNOWN,fried,5
UNKNOWN,park,5
UNKNOWN,office,5
UNKNOWN,direct,5
UNKNOWN,place,5
UNKNOWN,tower,5
UNKNOWN,recently,5
UNKNOWN,liberty,5
UNKNOWN,than,5
UNKNOWN,hdfc,5
UNKNOWN,into,5
UNKNOWN,turkey,5
UNKNOWN,card,5
UNKNOWN,opening,5
UNKNOWN,topics,5
UNKNOWN,ryan,5
UNKNOWN,amy,5
UNKNOWN,results,5
UNKNOWN,far,5
UNKNOWN,bring,5
UNKNOWN,yang,5
UNKNOWN,untuk,5
UNKNOWN,cheers,5
UNKNOWN,japan,5
UNKNOWN,milk,5
UNKNOWN,ini,5
UNKNOWN,hari,5
UNKNOWN,calculate,4
UNKNOWN,words,4
UNKNOWN,added,4
UNKNOWN,x,4
UNKNOWN,cream,4
UNKNOWN,robert,4
UNKNOWN,economy,4
UNKNOWN,garlic,4
UNKNOWN,bread,4
UNKNOWN,burger,4
UNKNOWN,race,4
UNKNOWN,ocean,4
UNKNOWN,there's,4
UNKNOWN,uncle,4
UNKNOWN,yes,4
UNKNOWN,videos,4
UNKNOWN,review,4
UNKNOWN,newest,4
UNKNOWN,full,4
UNKNOWN,statistics,4
UNKNOWN,bill,4
UNKNOWN,g,4
UNKNOWN,mcdonald's,4
UNKNOWN,press,4
UNKNOWN,france,4
UNKNOWN,regard,4
UNKNOWN,bank,4
UNKNOWN,america,4
UNKNOWN,line,4
UNKNOWN,cookies,4
UNKNOWN,hair,4
UNKNOWN,set,4
UNKNOWN,spaghetti,4
UNKNOWN,front,4
UNKNOWN,gandhi,4
UNKNOWN,poland,4
UNKNOWN,night,4
UNKNOWN,pesos,4
UNKNOWN,fox,4
UNKNOWN,main,4
UNKNOWN,wall,4
UNKNOWN,amelia,4
UNKNOWN,order,4
UNKNOWN,general,4
UNKNOWN,define,4
UNKNOWN,text,4
UNKNOWN,yma,4
UNKNOWN,yw'r,4
UNKNOWN,ymgyrch,4
UNKNOWN,prices,4
UNKNOWN,followers,4
UNKNOWN,power,4
UNKNOWN,world's,4
UNKNOWN,tweets,4
UNKNOWN,usa,4
UNKNOWN,inform,4
UNKNOWN,international,4
UNKNOWN,wedi,4
UNKNOWN,cael,4
UNKNOWN,gwybod,4
UNKNOWN,adams,4
UNKNOWN,countries,4
UNKNOWN,north,4
UNKNOWN,really,4
UNKNOWN,messages,4
UNKNOWN,upload,4
UNKNOWN,selfie,4
UNKNOWN,via,4
UNKNOWN,co,4
UNKNOWN,crime,4
UNKNOWN,i've,4
UNKNOWN,airlines,4
UNKNOWN,angry,4
UNKNOWN,r,4
UNKNOWN,morgan,4
UNKNOWN,freeman,4
UNKNOWN,iphone,4
UNKNOWN,wild,4
UNKNOWN,mark,4
UNKNOWN,ideas,4
UNKNOWN,miles,4
UNKNOWN,king,4
UNKNOWN,sylvia,4
UNKNOWN,available,4
UNKNOWN,including,4
UNKNOWN,life,4
UNKNOWN,blank,4
UNKNOWN,party,4
UNKNOWN,divided,4
UNKNOWN,notifications,4
UNKNOWN,something,4
UNKNOWN,were,4
UNKNOWN,everything,4
UNKNOWN,ice,4
UNKNOWN,samsung,4
UNKNOWN,truth,4
UNKNOWN,convert,4
UNKNOWN,months,4
UNKNOWN,thing,4
UNKNOWN,said,4
UNKNOWN,mexico,4
UNKNOWN,bake,4
UNKNOWN,sd,4
UNKNOWN,cad,4
UNKNOWN,oil,4
UNKNOWN,steak,4
UNKNOWN,invitation,4
UNKNOWN,pencil,4
UNKNOWN,four,4
UNKNOWN,pencils,4
UNKNOWN,john's,4
UNKNOWN,scan,4
UNKNOWN,dari,4
UNKNOWN,chelsea,4
UNKNOWN,kim,4
UNKNOWN,kardashian,4
UNKNOWN,tallest,4
UNKNOWN,academy,4
UNKNOWN,award,4
UNKNOWN,charlotte,4
UNKNOWN,league,4
UNKNOWN,saturday,4
UNKNOWN,green,4
UNKNOWN,feed,4
UNKNOWN,meatballs,4
UNKNOWN,mobile,4
UNKNOWN,tentang,4
UNKNOWN,thomas,4
UNKNOWN,but,4
UNKNOWN,volcano,4
UNKNOWN,tv,4
UNKNOWN,accident,4
UNKNOWN,product,4
UNKNOWN,asia,4
UNKNOWN,easy,4
UNKNOWN,mushrooms,4
UNKNOWN,used,3
UNKNOWN,finished,3
UNKNOWN,hope,3
UNKNOWN,yellow,3
UNKNOWN,butter,3
UNKNOWN,cool,3
UNKNOWN,interesting,3
UNKNOWN,using,3
UNKNOWN,side,3
UNKNOWN,drainage,3
UNKNOWN,longest,3
UNKNOWN,interest,3
UNKNOWN,difference,3
UNKNOWN,switzerland,3
UNKNOWN,plot,3
UNKNOWN,pending,3
UNKNOWN,creating,3
UNKNOWN,steps,3
UNKNOWN,cost,3
UNKNOWN,big,3
UNKNOWN,baby,3
UNKNOWN,she,3
UNKNOWN,ddweud,3
UNKNOWN,submit,3
UNKNOWN,gather,3
UNKNOWN,explanation,3
UNKNOWN,killed,3
UNKNOWN,kennedy,3
UNKNOWN,brian,3
UNKNOWN,different,3
UNKNOWN,brother,3
UNKNOWN,jerry,3
UNKNOWN,done,3
UNKNOWN,clooney,3
UNKNOWN,diverse,3
UNKNOWN,political,3
UNKNOWN,mahatma,3
UNKNOWN,fish,3
UNKNOWN,alaska,3
UNKNOWN,speed,3
UNKNOWN,country,3
UNKNOWN,shopping,3
UNKNOWN,jeff,3
UNKNOWN,street,3
UNKNOWN,related,3
UNKNOWN,eye,3
UNKNOWN,free,3
UNKNOWN,sister's,3
UNKNOWN,moon,3
UNKNOWN,sony,3
UNKNOWN,jen,3
UNKNOWN,cydnabod,3
UNKNOWN,sydd,3
UNKNOWN,girlfriend,3
UNKNOWN,o'r,3
UNKNOWN,store,3
UNKNOWN,people,3
UNKNOWN,trends,3
UNKNOWN,foreign,3
UNKNOWN,policy,3
UNKNOWN,job,3
UNKNOWN,industry,3
UNKNOWN,ibm,3
UNKNOWN,die,3
UNKNOWN,masala,3
UNKNOWN,dictionary,3
UNKNOWN,sean,3
UNKNOWN,sundays,3
UNKNOWN,box,3
UNKNOWN,size,3
UNKNOWN,yng,3
UNKNOWN,nghymru,3
UNKNOWN,cymysgwch,3
UNKNOWN,ffordd,3
UNKNOWN,gwneud,3
UNKNOWN,waiting,3
UNKNOWN,walmart,3
UNKNOWN,pressure,3
UNKNOWN,attachment,3
UNKNOWN,accidents,3
UNKNOWN,eggs,3
UNKNOWN,divide,3
UNKNOWN,smith's,3
UNKNOWN,cymdeithasol,3
UNKNOWN,bags,3
UNKNOWN,conference,3
UNKNOWN,martha,3
UNKNOWN,location,3
UNKNOWN,tomorrow's,3
UNKNOWN,thanks,3
UNKNOWN,close,3
UNKNOWN,well,3
UNKNOWN,numbers,3
UNKNOWN,bubbles,3
UNKNOWN,haven't,3
UNKNOWN,brown,3
UNKNOWN,environmental,3
UNKNOWN,telling,3
UNKNOWN,pta,3
UNKNOWN,system,3
UNKNOWN,coffee,3
UNKNOWN,mommy,3
UNKNOWN,sell,3
UNKNOWN,movies,3
UNKNOWN,los,3
UNKNOWN,angeles,3
UNKNOWN,built,3
UNKNOWN,cruise,3
UNKNOWN,dial,3
UNKNOWN,refresh,3
UNKNOWN,early,3
UNKNOWN,here's,3
UNKNOWN,meals,3
UNKNOWN,wheels,3
UNKNOWN,someone's,3
UNKNOWN,move,3
UNKNOWN,count,3
UNKNOWN,warm,3
UNKNOWN,okay,3
UNKNOWN,jake,3
UNKNOWN,supper,3
UNKNOWN,living,3
UNKNOWN,wine,3
UNKNOWN,medium,3
UNKNOWN,europe,3
UNKNOWN,poor,3
UNKNOWN,fashion,3
UNKNOWN,birth,3
UNKNOWN,located,3
UNKNOWN,left,3
UNKNOWN,lowest,3
UNKNOWN,schedule,3
UNKNOWN,ada,3
UNKNOWN,baru,3
UNKNOWN,hashtag,3
UNKNOWN,been,3
UNKNOWN,subjects,3
UNKNOWN,chuck,3
UNKNOWN,norris,3
UNKNOWN,tom's,3
UNKNOWN,notification,3
UNKNOWN,bob,3
UNKNOWN,versus,3
UNKNOWN,activity,3
UNKNOWN,canada,3
UNKNOWN,dakota,3
UNKNOWN,pipeline,3
UNKNOWN,customers,3
UNKNOWN,cristiano,3
UNKNOWN,ronaldo,3
UNKNOWN,jones,3
UNKNOWN,won't,3
UNKNOWN,frank,3
UNKNOWN,orange,3
UNKNOWN,total,3
UNKNOWN,image,3
UNKNOWN,form,3
UNKNOWN,english,3
UNKNOWN,pizza,3
UNKNOWN,filter,3
UNKNOWN,rebecca,3
UNKNOWN,tuna,3
UNKNOWN,casserole,3
UNKNOWN,scratch,3
UNKNOWN,hi,3
UNKNOWN,mile,3
UNKNOWN,a'i,3
UNKNOWN,dave,3
UNKNOWN,celebrate,3
UNKNOWN,before,3
UNKNOWN,ke,3
UNKNOWN,dengan,3
UNKNOWN,harga,3
UNKNOWN,we'll,3
UNKNOWN,jennifer,3
UNKNOWN,aniston,3
UNKNOWN,nelson,3
UNKNOWN,alive,3
UNKNOWN,controversy,3
UNKNOWN,type,3
UNKNOWN,changes,3
UNKNOWN,patrick,3
UNKNOWN,polling,3
UNKNOWN,other,3
UNKNOWN,jay,3
UNKNOWN,peak,3
UNKNOWN,though,3
UNKNOWN,kwa,3
UNKNOWN,buttermilk,3
UNKNOWN,gone,3
UNKNOWN,express,3
UNKNOWN,dalam,3
UNKNOWN,kata,3
UNKNOWN,quick,2
UNKNOWN,voice,2
UNKNOWN,those,2
UNKNOWN,damage,2
UNKNOWN,share,2
UNKNOWN,each,2
UNKNOWN,leading,2
UNKNOWN,formula,2
UNKNOWN,where's,2
UNKNOWN,length,2
UNKNOWN,programme,2
UNKNOWN,prime,2
UNKNOWN,minister,2
UNKNOWN,carmen,2
UNKNOWN,sandiego,2
UNKNOWN,calendar,2
UNKNOWN,lately,2
UNKNOWN,display,2
UNKNOWN,italian,2
UNKNOWN,universe,2
UNKNOWN,performance,2
UNKNOWN,england,2
UNKNOWN,bowling,2
UNKNOWN,echo,2
UNKNOWN,greg,2
UNKNOWN,mar,2
UNKNOWN,weekend,2
UNKNOWN,dechrau,2
UNKNOWN,ei,2
UNKNOWN,absolute,2
UNKNOWN,possible,2
UNKNOWN,sushi,2
UNKNOWN,conversion,2
UNKNOWN,plans,2
UNKNOWN,wybodaeth,2
UNKNOWN,cyntaf,2
UNKNOWN,ties,2
UNKNOWN,increase,2
UNKNOWN,disney,2
UNKNOWN,receipt,2
UNKNOWN,checkbook,2
UNKNOWN,maybe,2
UNKNOWN,wrote,2
UNKNOWN,thoughts,2
UNKNOWN,join,2
UNKNOWN,comment,2
UNKNOWN,whole,2
UNKNOWN,head,2
UNKNOWN,favourite,2
UNKNOWN,starbucks',2
UNKNOWN,colorado,2
UNKNOWN,outgoing,2
UNKNOWN,keys,2
UNKNOWN,piano,2
UNKNOWN,embassy,2
UNKNOWN,yankees,2
UNKNOWN,cabinet,2
UNKNOWN,appointment,2
UNKNOWN,asks,2
UNKNOWN,teacher,2
UNKNOWN,goals,2
UNKNOWN,actions,2
UNKNOWN,intended,2
UNKNOWN,someone,2
UNKNOWN,source,2
UNKNOWN,hungry,2
UNKNOWN,had,2
UNKNOWN,olive,2
UNKNOWN,garden,2
UNKNOWN,compared,2
UNKNOWN,mts,2
UNKNOWN,end,2
UNKNOWN,listed,2
UNKNOWN,getting,2
UNKNOWN,journal,2
UNKNOWN,legs,2
UNKNOWN,six,2
UNKNOWN,able,2
UNKNOWN,told,2
UNKNOWN,inboxes,2
UNKNOWN,resolving,2
UNKNOWN,relativity,2
UNKNOWN,quantum,2
UNKNOWN,physics,2
UNKNOWN,target,2
UNKNOWN,jojo,2
UNKNOWN,gyda'r,2
UNKNOWN,perfect,2
UNKNOWN,llywodraeth,2
UNKNOWN,a'r,2
UNKNOWN,chinese,2
UNKNOWN,recap,2
UNKNOWN,foot,2
UNKNOWN,kevin,2
UNKNOWN,kind,2
UNKNOWN,closing,2
UNKNOWN,dissatisfied,2
UNKNOWN,dried,2
UNKNOWN,requesting,2
UNKNOWN,draft,2
UNKNOWN,weeks,2
UNKNOWN,grand,2
UNKNOWN,canyon,2
UNKNOWN,found,2
UNKNOWN,cup,2
UNKNOWN,ymddygiad,2
UNKNOWN,madison,2
UNKNOWN,mae'n,2
UNKNOWN,oeddwn,2
UNKNOWN,unrhyw,2
UNKNOWN,lake,2
UNKNOWN,felly,2
UNKNOWN,roedden,2
UNKNOWN,nhw'n,2
UNKNOWN,within,2
UNKNOWN,dead,2
UNKNOWN,sam's,2
UNKNOWN,club,2
UNKNOWN,delicious,2
UNKNOWN,relating,2
UNKNOWN,comes,2
UNKNOWN,hugh,2
UNKNOWN,carry,2
UNKNOWN,scraping,2
UNKNOWN,yards,2
UNKNOWN,missed,2
UNKNOWN,entire,2
UNKNOWN,patio,2
UNKNOWN,washed,2
UNKNOWN,byddwn,2
UNKNOWN,i'n,2
UNKNOWN,mary's,2
UNKNOWN,motivation,2
UNKNOWN,pink,2
UNKNOWN,chicago,2
UNKNOWN,rupees,2
UNKNOWN,meatloaf,2
UNKNOWN,'r,2
UNKNOWN,ebay,2
UNKNOWN,ute,2
UNKNOWN,instead,2
UNKNOWN,mae'r,2
UNKNOWN,they're,2
UNKNOWN,gravity,2
UNKNOWN,works,2
UNKNOWN,meat,2
UNKNOWN,ddechrau'r,2
UNKNOWN,mlynedd,2
UNKNOWN,nyt's,2
UNKNOWN,gym,2
UNKNOWN,cysylltiwch,2
UNKNOWN,gyfer,2
UNKNOWN,souffle,2
UNKNOWN,cookie,2
UNKNOWN,ways,2
UNKNOWN,roast,2
UNKNOWN,refund,2
UNKNOWN,children,2
UNKNOWN,notifier,2
UNKNOWN,gps,2
UNKNOWN,jordan,2
UNKNOWN,else,2
UNKNOWN,entrepreneur,2
UNKNOWN,coming,2
UNKNOWN,male,2
UNKNOWN,actual,2
UNKNOWN,arranging,2
UNKNOWN,business,2
UNKNOWN,week's,2
UNKNOWN,immigration,2
UNKNOWN,return,2
UNKNOWN,updated,2
UNKNOWN,presidential,2
UNKNOWN,steven,2
UNKNOWN,jessica,2
UNKNOWN,bell,2
UNKNOWN,d,2
UNKNOWN,trend,2
UNKNOWN,data,2
UNKNOWN,olly,2
UNKNOWN,familiar,2
UNKNOWN,important,2
UNKNOWN,half,2
UNKNOWN,everyday,2
UNKNOWN,alan,2
UNKNOWN,support,2
UNKNOWN,winner,2
UNKNOWN,powerball,2
UNKNOWN,lottery,2
UNKNOWN,jenny,2
UNKNOWN,tech,2
UNKNOWN,bag,2
UNKNOWN,albert,2
UNKNOWN,einstein,2
UNKNOWN,martin,2
UNKNOWN,error,2
UNKNOWN,dirty,2
UNKNOWN,thakur,2
UNKNOWN,dance,2
UNKNOWN,attractive,2
UNKNOWN,subtracting,2
UNKNOWN,reach,2
UNKNOWN,personal,2
UNKNOWN,pose,2
UNKNOWN,exciting,2
UNKNOWN,alex,2
UNKNOWN,cells,2
UNKNOWN,moonport,2
UNKNOWN,talk,2
UNKNOWN,bottle,2
UNKNOWN,charged,2
UNKNOWN,maximum,2
UNKNOWN,retail,2
UNKNOWN,clean,2
UNKNOWN,curry,2
UNKNOWN,university,2
UNKNOWN,greenwich,2
UNKNOWN,weight,2
UNKNOWN,rare,2
UNKNOWN,pass,2
UNKNOWN,engineer,2
UNKNOWN,destination,2
UNKNOWN,xl,2
UNKNOWN,run,2
UNKNOWN,fast,2
UNKNOWN,jackman,2
UNKNOWN,unprofessional,2
UNKNOWN,employees,2
UNKNOWN,tis,2
UNKNOWN,amount,2
UNKNOWN,makes,2
UNKNOWN,arrives,2
UNKNOWN,rachel,2
UNKNOWN,options,2
UNKNOWN,lines,2
UNKNOWN,future,2
UNKNOWN,starbucks,2
UNKNOWN,modi,2
UNKNOWN,pounds,2
UNKNOWN,demographic,2
UNKNOWN,growth,2
UNKNOWN,ac,2
UNKNOWN,thanksgiving,2
UNKNOWN,procedure,2
UNKNOWN,sentences,2
UNKNOWN,uk,2
UNKNOWN,style,2
UNKNOWN,continent,2
UNKNOWN,accumulated,2
UNKNOWN,needed,2
UNKNOWN,amal,2
UNKNOWN,cable,2
UNKNOWN,highland,2
UNKNOWN,terrace,2
UNKNOWN,insight,2
UNKNOWN,stephen,2
UNKNOWN,query,2
UNKNOWN,replies,2
UNKNOWN,isn't,2
UNKNOWN,funny,2
UNKNOWN,purchase,2
UNKNOWN,stage,2
UNKNOWN,lunch,2
UNKNOWN,intel,2
UNKNOWN,compare,2
UNKNOWN,term,2
UNKNOWN,called,2
UNKNOWN,always,2
UNKNOWN,passive,2
UNKNOWN,goes,2
UNKNOWN,lasagna,2
UNKNOWN,bitcoin,2
UNKNOWN,chill,2
UNKNOWN,seacrest,2
UNKNOWN,bill's,2
UNKNOWN,invented,2
UNKNOWN,black,2
UNKNOWN,player,2
UNKNOWN,incoming,2
UNKNOWN,zhong,2
UNKNOWN,label,2
UNKNOWN,principal,2
UNKNOWN,regards,2
UNKNOWN,robot,2
UNKNOWN,josh,2
UNKNOWN,berlin,2
UNKNOWN,sandwich,2
UNKNOWN,california,2
UNKNOWN,georgia,2
UNKNOWN,website,2
UNKNOWN,knowing,2
UNKNOWN,background,2
UNKNOWN,happenings,2
UNKNOWN,elton,2
UNKNOWN,sunglasses,2
UNKNOWN,considered,2
UNKNOWN,aviators,2
UNKNOWN,maryland,2
UNKNOWN,czk,2
UNKNOWN,closed,2
UNKNOWN,integral,2
UNKNOWN,exponential,2
UNKNOWN,function,2
UNKNOWN,brought,2
UNKNOWN,pete,2
UNKNOWN,keywords,2
UNKNOWN,tabloid,2
UNKNOWN,bought,2
UNKNOWN,sorry,2
UNKNOWN,florida,2
UNKNOWN,carolina,2
UNKNOWN,texas,2
UNKNOWN,edit,2
UNKNOWN,calls,2
UNKNOWN,less,2
UNKNOWN,control,2
UNKNOWN,margaret,2
UNKNOWN,standing,2
UNKNOWN,residing,2
UNKNOWN,tony,2
UNKNOWN,awards,2
UNKNOWN,winning,2
UNKNOWN,mountains,2
UNKNOWN,premier,2
UNKNOWN,device,2
UNKNOWN,nail,2
UNKNOWN,susan,2
UNKNOWN,copy,2
UNKNOWN,obamacare,2
UNKNOWN,chris,2
UNKNOWN,record,2
UNKNOWN,arrived,2
UNKNOWN,grandma,2
UNKNOWN,dropping,2
UNKNOWN,haunted,2
UNKNOWN,rated,2
UNKNOWN,online,2
UNKNOWN,salmon,2
UNKNOWN,hand,2
UNKNOWN,waterfall,2
UNKNOWN,amber,2
UNKNOWN,stevens',2
UNKNOWN,afternoon,2
UNKNOWN,hurricanes,2
UNKNOWN,potato,2
UNKNOWN,whom,2
UNKNOWN,snapchat,2
UNKNOWN,emilia,2
UNKNOWN,lobster,2
UNKNOWN,group,2
UNKNOWN,holidays,2
UNKNOWN,center,2
UNKNOWN,menus,2
UNKNOWN,mexican,2
UNKNOWN,connery's,2
UNKNOWN,confirmation,2
UNKNOWN,sandy,2
UNKNOWN,age,2
UNKNOWN,siri,2
UNKNOWN,eu,2
UNKNOWN,chang's,2
UNKNOWN,mesej,2
UNKNOWN,telah,2
UNKNOWN,pergi,2
UNKNOWN,kualiti,2
UNKNOWN,hantar,2
UNKNOWN,sit,2
UNKNOWN,carolyn,2
UNKNOWN,caroline,2
UNKNOWN,bryan,2
UNKNOWN,how's,2
UNKNOWN,stove,2
UNKNOWN,ingredient,2
UNKNOWN,no,2
UNKNOWN,apple's,2
UNKNOWN,complains,2
UNKNOWN,road,2
UNKNOWN,workers,2
UNKNOWN,articles,2
UNKNOWN,rahul,2
UNKNOWN,shows,2
UNKNOWN,statue,2
UNKNOWN,sara's,2
UNKNOWN,celebrities,2
UNKNOWN,hang,2
UNKNOWN,logic,2
UNKNOWN,willie,2
UNKNOWN,child,2
UNKNOWN,mute,2
UNKNOWN,correct,2
UNKNOWN,affected,2
UNKNOWN,earthquake,2
UNKNOWN,that's,2
UNKNOWN,bbq,2
UNKNOWN,minus,2
UNKNOWN,special,2
UNKNOWN,landline,2
UNKNOWN,swore,2
UNKNOWN,bad,2
UNKNOWN,colors,2
UNKNOWN,without,2
UNKNOWN,invoice,2
UNKNOWN,notes,2
UNKNOWN,model,2
UNKNOWN,even,2
UNKNOWN,board,2
UNKNOWN,anna,2
UNKNOWN,bahan,2
UNKNOWN,dipasang,2
UNKNOWN,fees,2
UNKNOWN,broil,2
UNKNOWN,sugar,2
UNKNOWN,julie,2
UNKNOWN,ddod,2
UNKNOWN,sends,2
UNKNOWN,jess,2
UNKNOWN,score,2
UNKNOWN,luxe,2
UNKNOWN,deaf,2
UNKNOWN,grant,2
UNKNOWN,cbs,2
UNKNOWN,ray,2
UNKNOWN,eur,2
UNKNOWN,gcpenny,2
UNKNOWN,looks,2
UNKNOWN,game,2
UNKNOWN,stefan,2
UNKNOWN,doe,2
UNKNOWN,rivers,2
UNKNOWN,moray,2
UNKNOWN,making,2
UNKNOWN,slap,2
UNKNOWN,gbp,2
UNKNOWN,stuffs,2
UNKNOWN,tawa,2
UNKNOWN,serve,2
UNKNOWN,joe's,2
UNKNOWN,provider,2
UNKNOWN,sa,2
UNKNOWN,contentprojectfinish,2
UNKNOWN,sendmeinvays,2
UNKNOWN,t,2
UNKNOWN,detroit,2
UNKNOWN,true,2
UNKNOWN,shoot,2
UNKNOWN,hello,2
UNKNOWN,running,2
UNKNOWN,environment,2
UNKNOWN,greater,2
UNKNOWN,confirm,2
UNKNOWN,nardole,2
UNKNOWN,west,2
UNKNOWN,virginia,2
UNKNOWN,descriptions,2
UNKNOWN,microwaves,2
UNKNOWN,method,2
UNKNOWN,strive,2
UNKNOWN,accommodating,2
UNKNOWN,specs,2
UNKNOWN,delia,2
UNKNOWN,inr,2
UNKNOWN,semua,2
UNKNOWN,berkata,2
UNKNOWN,masa,2
UNKNOWN,perbezaan,2
UNKNOWN,antara,2
UNKNOWN,lepas,2
UNKNOWN,adalah,2
UNKNOWN,stok,2
UNKNOWN,mum,2
UNKNOWN,geographic,2
UNKNOWN,islands,2
UNKNOWN,almond,2
UNKNOWN,forum,2
UNKNOWN,cylinder,2
UNKNOWN,carl,2
UNKNOWN,boston,1
UNKNOWN,flaccid,1
UNKNOWN,males,1
UNKNOWN,holiday,1
UNKNOWN,owen,1
UNKNOWN,fresh,1
UNKNOWN,burglar,1
UNKNOWN,understand,1
UNKNOWN,recipes,1
UNKNOWN,conducts,1
UNKNOWN,heat,1
UNKNOWN,copper,1
UNKNOWN,bottom,1
UNKNOWN,pots,1
UNKNOWN,cast,1
UNKNOWN,iron,1
UNKNOWN,sen,1
UNKNOWN,super,1
UNKNOWN,link,1
UNKNOWN,note,1
UNKNOWN,notepad,1
UNKNOWN,socks,1
UNKNOWN,stop,1
UNKNOWN,marlene's,1
UNKNOWN,newmail,1
UNKNOWN,soft,1
UNKNOWN,pole,1
UNKNOWN,complete,1
UNKNOWN,britain,1
UNKNOWN,simple,1
UNKNOWN,rs,1
UNKNOWN,pd,1
UNKNOWN,starts,1
UNKNOWN,roman,1
UNKNOWN,gregorian,1
UNKNOWN,joseph,1
UNKNOWN,cricket,1
UNKNOWN,tour,1
UNKNOWN,carbohydrate,1
UNKNOWN,reaction,1
UNKNOWN,mine,1
UNKNOWN,stick,1
UNKNOWN,short,1
UNKNOWN,parmigiana,1
UNKNOWN,scores,1
UNKNOWN,ucl,1
UNKNOWN,games,1
UNKNOWN,cosmos,1
UNKNOWN,loves,1
UNKNOWN,hopes,1
UNKNOWN,ychwanegu,1
UNKNOWN,sy'n,1
UNKNOWN,fod,1
UNKNOWN,gweithio'n,1
UNKNOWN,dda,1
UNKNOWN,iawn,1
UNKNOWN,manhattan,1
UNKNOWN,death,1
UNKNOWN,terms,1
UNKNOWN,roll,1
UNKNOWN,dydw,1
UNKNOWN,frogs,1
UNKNOWN,fa,1
UNKNOWN,weather,1
UNKNOWN,learning,1
UNKNOWN,safe,1
UNKNOWN,hmm,1
UNKNOWN,amanda,1
UNKNOWN,dye,1
UNKNOWN,joins,1
UNKNOWN,medal,1
UNKNOWN,choose,1
UNKNOWN,lasagne,1
UNKNOWN,vanilla,1
UNKNOWN,billboard,1
UNKNOWN,elvis',1
UNKNOWN,droid,1
UNKNOWN,cassie,1
UNKNOWN,ddarparu,1
UNKNOWN,cysylltiad,1
UNKNOWN,gerald's,1
UNKNOWN,volcanoes,1
UNKNOWN,unk,1
UNKNOWN,company's,1
UNKNOWN,meetings,1
UNKNOWN,undertake,1
UNKNOWN,needs,1
UNKNOWN,analyze,1
UNKNOWN,polyburs,1
UNKNOWN,selfocup,1
UNKNOWN,brief,1
UNKNOWN,fry,1
UNKNOWN,barrow,1
UNKNOWN,above,1
UNKNOWN,freezing,1
UNKNOWN,during,1
UNKNOWN,giant,1
UNKNOWN,stages,1
UNKNOWN,stadium,1
UNKNOWN,converting,1
UNKNOWN,having,1
UNKNOWN,event,1
UNKNOWN,sara,1
UNKNOWN,coordinates,1
UNKNOWN,everett's,1
UNKNOWN,lot,1
UNKNOWN,fun,1
UNKNOWN,monoprice,1
UNKNOWN,mechanical,1
UNKNOWN,keyboard,1
UNKNOWN,politician,1
UNKNOWN,being,1
UNKNOWN,investigated,1
UNKNOWN,silky,1
UNKNOWN,samurai,1
UNKNOWN,jam,1
UNKNOWN,tarajan,1
UNKNOWN,bpr,1
UNKNOWN,paper,1
UNKNOWN,increased,1
UNKNOWN,fuel,1
UNKNOWN,rail,1
UNKNOWN,injector,1
UNKNOWN,documents,1
UNKNOWN,little,1
UNKNOWN,bit,1
UNKNOWN,toughness,1
UNKNOWN,cheapest,1
UNKNOWN,zoella's,1
UNKNOWN,same,1
UNKNOWN,sex,1
UNKNOWN,jai,1
UNKNOWN,alice,1
UNKNOWN,o'i,1
UNKNOWN,yr,1
UNKNOWN,hyn,1
UNKNOWN,pertaining,1
UNKNOWN,ystod,1
UNKNOWN,dewey,1
UNKNOWN,dynfod,1
UNKNOWN,cymru,1
UNKNOWN,ym,1
UNKNOWN,mhob,1
UNKNOWN,divisible,1
UNKNOWN,safeway,1
UNKNOWN,ron,1
UNKNOWN,couple,1
UNKNOWN,woodland,1
UNKNOWN,shoe,1
UNKNOWN,watch,1
UNKNOWN,hubby,1
UNKNOWN,presidency,1
UNKNOWN,squash,1
UNKNOWN,inches,1
UNKNOWN,elvis,1
UNKNOWN,died,1
UNKNOWN,indignation,1
UNKNOWN,christy,1
UNKNOWN,brinkley,1
UNKNOWN,spices,1
UNKNOWN,spacey,1
UNKNOWN,donates,1
UNKNOWN,packets,1
UNKNOWN,never,1
UNKNOWN,arriving,1
UNKNOWN,raj,1
UNKNOWN,desi,1
UNKNOWN,sat,1
UNKNOWN,lamp,1
UNKNOWN,land,1
UNKNOWN,clear,1
UNKNOWN,gaming,1
UNKNOWN,falls,1
UNKNOWN,wo,1
UNKNOWN,ist,1
UNKNOWN,denn,1
UNKNOWN,glocke,1
UNKNOWN,fine,1
UNKNOWN,mint,1
UNKNOWN,cinnamon,1
UNKNOWN,garam,1
UNKNOWN,nike,1
UNKNOWN,requested,1
UNKNOWN,small,1
UNKNOWN,onto,1
UNKNOWN,ben,1
UNKNOWN,together,1
UNKNOWN,pa,1
UNKNOWN,ganddyn,1
UNKNOWN,nhw,1
UNKNOWN,edd,1
UNKNOWN,nghymdeithas,1
UNKNOWN,rydym,1
UNKNOWN,heddiw,1
UNKNOWN,supqrom,1
UNKNOWN,gwybodaeth,1
UNKNOWN,rhaid,1
UNKNOWN,i'w,1
UNKNOWN,ddiweddar,1
UNKNOWN,h,1
UNKNOWN,n,1
UNKNOWN,ford,1
UNKNOWN,cyntafs,1
UNKNOWN,sam,1
UNKNOWN,joined,1
UNKNOWN,defnyddio,1
UNKNOWN,obiect,1
UNKNOWN,hwn,1
UNKNOWN,newidiadau,1
UNKNOWN,takes,1
UNKNOWN,eat,1
UNKNOWN,percent,1
UNKNOWN,neomyos,1
UNKNOWN,laurie,1
UNKNOWN,neft,1
UNKNOWN,eni'i,1
UNKNOWN,ni,1
UNKNOWN,mixed,1
UNKNOWN,fake,1
UNKNOWN,products,1
UNKNOWN,cardinal,1
UNKNOWN,cafe,1
UNKNOWN,outstanding,1
UNKNOWN,president's,1
UNKNOWN,ano,1
UNKNOWN,gotten,1
UNKNOWN,published,1
UNKNOWN,authors,1
UNKNOWN,worker,1
UNKNOWN,paul,1
UNKNOWN,lynch,1
UNKNOWN,chocolate,1
UNKNOWN,pastel,1
UNKNOWN,janet,1
UNKNOWN,dating,1
UNKNOWN,poltergeist,1
UNKNOWN,analyse,1
UNKNOWN,gyda,1
UNKNOWN,prosiect,1
UNKNOWN,proiect,1
UNKNOWN,dynnu,1
UNKNOWN,ffris,1
UNKNOWN,tao,1
UNKNOWN,shun,1
UNKNOWN,appreciate,1
UNKNOWN,reaching,1
UNKNOWN,eric,1
UNKNOWN,ddarparu'r,1
UNKNOWN,flight,1
UNKNOWN,kenny's,1
UNKNOWN,meddwl,1
UNKNOWN,byddwch,1
UNKNOWN,chi'n,1
UNKNOWN,ffaith,1
UNKNOWN,ddiograffig,1
UNKNOWN,saffron,1
UNKNOWN,sense,1
UNKNOWN,effect,1
UNKNOWN,pedro,1
UNKNOWN,target's,1
UNKNOWN,own,1
UNKNOWN,er,1
UNKNOWN,enghraifft,1
UNKNOWN,ni'n,1
UNKNOWN,ymddygiadau,1
UNKNOWN,weycwr,1
UNKNOWN,prefer,1
UNKNOWN,hdsc,1
UNKNOWN,ysgrifennydd,1
UNKNOWN,bethau,1
UNKNOWN,dsw,1
UNKNOWN,returning,1
UNKNOWN,defective,1
UNKNOWN,shoes,1
UNKNOWN,cymryd,1
UNKNOWN,nesaf,1
UNKNOWN,regarded,1
UNKNOWN,cyffredinol,1
UNKNOWN,cyntaethau,1
UNKNOWN,alfredo,1
UNKNOWN,ix,1
UNKNOWN,circumference,1
UNKNOWN,invest,1
UNKNOWN,iusd,1
UNKNOWN,si,1
UNKNOWN,mi,1
UNKNOWN,potthogau,1
UNKNOWN,says,1
UNKNOWN,linda,1
UNKNOWN,connors,1
UNKNOWN,present,1
UNKNOWN,parent,1
UNKNOWN,posted,1
UNKNOWN,gwasanaeth,1
UNKNOWN,gweithwyr,1
UNKNOWN,macdonalds,1
UNKNOWN,sut,1
UNKNOWN,souffl,1
UNKNOWN,instructions,1
UNKNOWN,breasts,1
UNKNOWN,opengallerypostvideoname,1
UNKNOWN,conflame,1
UNKNOWN,truck,1
UNKNOWN,digest,1
UNKNOWN,chef,1
UNKNOWN,tata,1
UNKNOWN,kilometers,1
UNKNOWN,conductions,1
UNKNOWN,partix,1
UNKNOWN,locate,1
UNKNOWN,macdowell,1
UNKNOWN,party's,1
UNKNOWN,emo,1
UNKNOWN,hopelessness,1
UNKNOWN,sito,1
UNKNOWN,pan's,1
UNKNOWN,arms,1
UNKNOWN,corridor,1
UNKNOWN,hoang,1
UNKNOWN,partial,1
UNKNOWN,sum,1
UNKNOWN,responded,1
UNKNOWN,monday,1
UNKNOWN,legislation,1
UNKNOWN,asher,1
UNKNOWN,patel,1
UNKNOWN,wishes,1
UNKNOWN,pdf,1
UNKNOWN,baking,1
UNKNOWN,oven,1
UNKNOWN,channing,1
UNKNOWN,tatum,1
UNKNOWN,daniel,1
UNKNOWN,b,1
UNKNOWN,dot,1
UNKNOWN,pork,1
UNKNOWN,yeah,1
UNKNOWN,guest,1
UNKNOWN,changed,1
UNKNOWN,solar,1
UNKNOWN,faith,1
UNKNOWN,favorites,1
UNKNOWN,eggless,1
UNKNOWN,smart,1
UNKNOWN,intelligent,1
UNKNOWN,recognize,1
UNKNOWN,ellen,1
UNKNOWN,wellesley's,1
UNKNOWN,amused,1
UNKNOWN,button,1
UNKNOWN,ribbons,1
UNKNOWN,paediatric,1
UNKNOWN,treatment,1
UNKNOWN,jave,1
UNKNOWN,services,1
UNKNOWN,flabbergasted,1
UNKNOWN,clancy,1
UNKNOWN,played,1
UNKNOWN,geranium,1
UNKNOWN,mo,1
UNKNOWN,jeanne,1
UNKNOWN,sarah's,1
UNKNOWN,lens,1
UNKNOWN,came,1
UNKNOWN,lorela,1
UNKNOWN,tessier,1
UNKNOWN,biryani,1
UNKNOWN,mostly,1
UNKNOWN,female,1
UNKNOWN,summarize,1
UNKNOWN,fire,1
UNKNOWN,locked,1
UNKNOWN,halbatley,1
UNKNOWN,uro,1
UNKNOWN,badly,1
UNKNOWN,molnari,1
UNKNOWN,mulnally,1
UNKNOWN,thucker,1
UNKNOWN,rose,1
UNKNOWN,room,1
UNKNOWN,google's,1
UNKNOWN,craigrobinson,1
UNKNOWN,craigrobbinson,1
UNKNOWN,showing,1
UNKNOWN,kidney,1
UNKNOWN,marion,1
UNKNOWN,concoct,1
UNKNOWN,odie,1
UNKNOWN,hill,1
UNKNOWN,concast,1
UNKNOWN,formidable,1
UNKNOWN,dusts,1
UNKNOWN,feel,1
UNKNOWN,regardless,1
UNKNOWN,donna,1
UNKNOWN,joey,1
UNKNOWN,things,1
UNKNOWN,sites,1
UNKNOWN,native,1
UNKNOWN,waste,1
UNKNOWN,complex,1
UNKNOWN,tripathic,1
UNKNOWN,basis,1
UNKNOWN,vice,1
UNKNOWN,mayor's,1
UNKNOWN,holly,1
UNKNOWN,snuffle,1
UNKNOWN,hasbro,1
UNKNOWN,marry,1
UNKNOWN,character,1
UNKNOWN,follow,1
UNKNOWN,hilary,1
UNKNOWN,issue,1
UNKNOWN,stashable,1
UNKNOWN,kinch,1
UNKNOWN,hold,1
UNKNOWN,giraffe,1
UNKNOWN,quinoa,1
UNKNOWN,taste,1
UNKNOWN,awful,1
UNKNOWN,derek,1
UNKNOWN,recall,1
UNKNOWN,government,1
UNKNOWN,shutdown,1
UNKNOWN,touch,1
UNKNOWN,defnyddiaeth,1
UNKNOWN,viral,1
UNKNOWN,narenda,1
UNKNOWN,gainers,1
UNKNOWN,quite,1
UNKNOWN,spring,1
UNKNOWN,austin,1
UNKNOWN,gwellawch,1
UNKNOWN,ffamiliau,1
UNKNOWN,edrych,1
UNKNOWN,named,1
UNKNOWN,stitched,1
UNKNOWN,sleeve,1
UNKNOWN,shirt,1
UNKNOWN,leonardo,1
UNKNOWN,dicaprio's,1
UNKNOWN,network,1
UNKNOWN,mt,1
UNKNOWN,oatmeal,1
UNKNOWN,ankh,1
UNKNOWN,duck,1
UNKNOWN,miami,1
UNKNOWN,poppy,1
UNKNOWN,coworker,1
UNKNOWN,convenience,1
UNKNOWN,mouse,1
UNKNOWN,jpersonjessica,1
UNKNOWN,ny,1
UNKNOWN,khan,1
UNKNOWN,inside,1
UNKNOWN,bb,1
UNKNOWN,neighbor,1
UNKNOWN,neighborhood,1
UNKNOWN,colleague's,1
UNKNOWN,colleagues,1
UNKNOWN,mayor,1
UNKNOWN,crop,1
UNKNOWN,circle,1
UNKNOWN,across,1
UNKNOWN,several,1
UNKNOWN,jan,1
UNKNOWN,adam,1
UNKNOWN,sander,1
UNKNOWN,mass,1
UNKNOWN,hems,1
UNKNOWN,loose,1
UNKNOWN,debbie,1
UNKNOWN,c,1
UNKNOWN,k,1
UNKNOWN,chining,1
UNKNOWN,titan,1
UNKNOWN,julia's,1
UNKNOWN,dates,1
UNKNOWN,nestle,1
UNKNOWN,marelia,1
UNKNOWN,signs,1
UNKNOWN,football,1
UNKNOWN,restaurants,1
UNKNOWN,spoke,1
UNKNOWN,cadet,1
UNKNOWN,spill,1
UNKNOWN,stature,1
UNKNOWN,gary,1
UNKNOWN,region,1
UNKNOWN,army,1
UNKNOWN,topography,1
UNKNOWN,central,1
UNKNOWN,tencent,1
UNKNOWN,ground,1
UNKNOWN,transmissions,1
UNKNOWN,draw,1
UNKNOWN,views,1
UNKNOWN,rise,1
UNKNOWN,talking,1
UNKNOWN,spend,1
UNKNOWN,robin,1
UNKNOWN,williams,1
UNKNOWN,away,1
UNKNOWN,teeth,1
UNKNOWN,reynolds,1
UNKNOWN,easier,1
UNKNOWN,mon,1
UNKNOWN,i'd,1
UNKNOWN,trade,1
UNKNOWN,megapixel,1
UNKNOWN,channel,1
UNKNOWN,vegetable,1
UNKNOWN,women's,1
UNKNOWN,sea,1
UNKNOWN,jong,1
UNKNOWN,brunch,1
UNKNOWN,informed,1
UNKNOWN,probable,1
UNKNOWN,applebee,1
UNKNOWN,raw,1
UNKNOWN,poisoning,1
UNKNOWN,repeats,1
UNKNOWN,peru,1
UNKNOWN,pipe,1
UNKNOWN,pager,1
UNKNOWN,pea,1
UNKNOWN,basketball,1
UNKNOWN,happens,1
UNKNOWN,college,1
UNKNOWN,unopened,1
UNKNOWN,advise,1
UNKNOWN,music,1
UNKNOWN,song,1
UNKNOWN,fulfill,1
UNKNOWN,sir,1
UNKNOWN,ho,1
UNKNOWN,sapphire,1
UNKNOWN,jmail,1
UNKNOWN,activities,1
UNKNOWN,grams,1
UNKNOWN,phonebook,1
UNKNOWN,effective,1
UNKNOWN,stores,1
UNKNOWN,greatest,1
UNKNOWN,guitarists,1
UNKNOWN,marley,1
UNKNOWN,harris,1
UNKNOWN,molly's,1
UNKNOWN,parents,1
UNKNOWN,brand,1
UNKNOWN,hairspray,1
UNKNOWN,arnold,1
UNKNOWN,schwarzenegger's,1
UNKNOWN,building,1
UNKNOWN,boss's,1
UNKNOWN,tar,1
UNKNOWN,superbowl,1
UNKNOWN,officially,1
UNKNOWN,kids,1
UNKNOWN,jackie,1
UNKNOWN,chan,1
UNKNOWN,mother,1
UNKNOWN,malin's,1
UNKNOWN,finish,1
UNKNOWN,average,1
UNKNOWN,suit,1
UNKNOWN,dean,1
UNKNOWN,radius,1
UNKNOWN,crater,1
UNKNOWN,marginally,1
UNKNOWN,cleaner,1
UNKNOWN,deliver,1
UNKNOWN,headlamps,1
UNKNOWN,limits,1
UNKNOWN,headland,1
UNKNOWN,wayne,1
UNKNOWN,county,1
UNKNOWN,sheriffs,1
UNKNOWN,nevada,1
UNKNOWN,czech,1
UNKNOWN,phones,1
UNKNOWN,hussain,1
UNKNOWN,bolt,1
UNKNOWN,outcome,1
UNKNOWN,jesus,1
UNKNOWN,ernie's,1
UNKNOWN,sperm,1
UNKNOWN,whale,1
UNKNOWN,images,1
UNKNOWN,suggest,1
UNKNOWN,healthy,1
UNKNOWN,expect,1
UNKNOWN,alzed,1
UNKNOWN,alzec,1
UNKNOWN,scabbing,1
UNKNOWN,problems,1
UNKNOWN,its,1
UNKNOWN,liv,1
UNKNOWN,crashed,1
UNKNOWN,calculated,1
UNKNOWN,sterling,1
UNKNOWN,mr,1
UNKNOWN,context,1
UNKNOWN,hypertrophy,1
UNKNOWN,mcdonalds,1
UNKNOWN,resida,1
UNKNOWN,terrible,1
UNKNOWN,admin,1
UNKNOWN,stinks,1
UNKNOWN,han,1
UNKNOWN,bing,1
UNKNOWN,susie,1
UNKNOWN,letting,1
UNKNOWN,church,1
UNKNOWN,war,1
UNKNOWN,ii,1
UNKNOWN,towards,1
UNKNOWN,remaining,1
UNKNOWN,sinatra,1
UNKNOWN,web,1
UNKNOWN,addresses,1
UNKNOWN,abraham,1
UNKNOWN,lincoln,1
UNKNOWN,wear,1
UNKNOWN,converse,1
UNKNOWN,divija,1
UNKNOWN,cleaning,1
UNKNOWN,cleanliness,1
UNKNOWN,narendra,1
UNKNOWN,gun,1
UNKNOWN,least,1
UNKNOWN,desert,1
UNKNOWN,j,1
UNKNOWN,crew,1
UNKNOWN,rohan,1
UNKNOWN,track,1
UNKNOWN,rock,1
UNKNOWN,protests,1
UNKNOWN,television,1
UNKNOWN,circuit,1
UNKNOWN,trichatter,1
UNKNOWN,cricketer,1
UNKNOWN,donnie,1
UNKNOWN,peter,1
UNKNOWN,tool,1
UNKNOWN,shelly,1
UNKNOWN,until,1
UNKNOWN,jimmy,1
UNKNOWN,corporate,1
UNKNOWN,thumbs,1
UNKNOWN,daughter's,1
UNKNOWN,chips,1
UNKNOWN,placid,1
UNKNOWN,senders,1
UNKNOWN,hanks,1
UNKNOWN,middle,1
UNKNOWN,rundown,1
UNKNOWN,legend,1
UNKNOWN,teams,1
UNKNOWN,playing,1
UNKNOWN,urgent,1
UNKNOWN,india's,1
UNKNOWN,european,1
UNKNOWN,union,1
UNKNOWN,dodo's,1
UNKNOWN,elections,1
UNKNOWN,meshia,1
UNKNOWN,masha,1
UNKNOWN,investigation,1
UNKNOWN,oceans,1
UNKNOWN,npl,1
UNKNOWN,jumper,1
UNKNOWN,sophia,1
UNKNOWN,relief,1
UNKNOWN,festival,1
UNKNOWN,feedback,1
UNKNOWN,complained,1
UNKNOWN,headline,1
UNKNOWN,due,1
UNKNOWN,payment,1
UNKNOWN,paid,1
UNKNOWN,credit,1
UNKNOWN,dues,1
UNKNOWN,oh,1
UNKNOWN,contain,1
UNKNOWN,dell,1
UNKNOWN,expressing,1
UNKNOWN,disapproval,1
UNKNOWN,logonius,1
UNKNOWN,vennius,1
UNKNOWN,neutral,1
UNKNOWN,density,1
UNKNOWN,gradient,1
UNKNOWN,solid,1
UNKNOWN,also,1
UNKNOWN,screw,1
UNKNOWN,ones,1
UNKNOWN,foodsnetwork,1
UNKNOWN,omelettes,1
UNKNOWN,foodnetwork,1
UNKNOWN,hentok,1
UNKNOWN,brisket,1
UNKNOWN,veg,1
UNKNOWN,apahelp,1
UNKNOWN,un,1
UNKNOWN,barbecue,1
UNKNOWN,tutorials,1
UNKNOWN,time's,1
UNKNOWN,husband's,1
UNKNOWN,ej,1
UNKNOWN,plexus,1
UNKNOWN,particular,1
UNKNOWN,shall,1
UNKNOWN,rest,1
UNKNOWN,labyrinth,1
UNKNOWN,al,1
UNKNOWN,dente,1
UNKNOWN,financial,1
UNKNOWN,report,1
UNKNOWN,feet,1
UNKNOWN,zero,1
UNKNOWN,rohit,1
UNKNOWN,beat,1
UNKNOWN,welsh,1
UNKNOWN,remit,1
UNKNOWN,erin,1
UNKNOWN,equals,1
UNKNOWN,bisque,1
UNKNOWN,alerts,1
UNKNOWN,erica,1
UNKNOWN,grab,1
UNKNOWN,gwnaethwch,1
UNKNOWN,ddatganiad,1
UNKNOWN,sarahs,1
UNKNOWN,jim,1
UNKNOWN,actor,1
UNKNOWN,surya,1
UNKNOWN,joel's,1
UNKNOWN,dee,1
UNKNOWN,potten,1
UNKNOWN,contract,1
UNKNOWN,pro,1
UNKNOWN,bono,1
UNKNOWN,macaroni,1
UNKNOWN,joshua,1
UNKNOWN,gluten,1
UNKNOWN,insiders,1
UNKNOWN,ben's,1
UNKNOWN,idea,1
UNKNOWN,alphahelp,1
UNKNOWN,engine,1
UNKNOWN,worst,1
UNKNOWN,eiffel,1
UNKNOWN,popular,1
UNKNOWN,ever,1
UNKNOWN,wrist,1
UNKNOWN,aunt,1
UNKNOWN,ruth,1
UNKNOWN,apps,1
UNKNOWN,f,1
UNKNOWN,berapa,1
UNKNOWN,banyak,1
UNKNOWN,belum,1
UNKNOWN,dilihat,1
UNKNOWN,mendapat,1
UNKNOWN,posts,1
UNKNOWN,sekolah,1
UNKNOWN,tinggi,1
UNKNOWN,hailey,1
UNKNOWN,berry,1
UNKNOWN,desk,1
UNKNOWN,komplain,1
UNKNOWN,kepada,1
UNKNOWN,kumpulan,1
UNKNOWN,makanan,1
UNKNOWN,marmilia,1
UNKNOWN,juga,1
UNKNOWN,sirman,1
UNKNOWN,alpah,1
UNKNOWN,khadai,1
UNKNOWN,quality,1
UNKNOWN,teruskan,1
UNKNOWN,sermon,1
UNKNOWN,erba,1
UNKNOWN,khalai,1
UNKNOWN,ketua,1
UNKNOWN,pf,1
UNKNOWN,yawg,1
UNKNOWN,hemingway,1
UNKNOWN,sitting,1
UNKNOWN,peace,1
UNKNOWN,air,1
UNKNOWN,tinggalkan,1
UNKNOWN,armor,1
UNKNOWN,khabar,1
UNKNOWN,boleh,1
UNKNOWN,awak,1
UNKNOWN,projek,1
UNKNOWN,terakhir,1
UNKNOWN,siapa,1
UNKNOWN,sekurang,1
UNKNOWN,kedua,1
UNKNOWN,treasury,1
UNKNOWN,various,1
UNKNOWN,plants,1
UNKNOWN,chime,1
UNKNOWN,enable,1
UNKNOWN,ammunition,1
UNKNOWN,centers,1
UNKNOWN,baked,1
UNKNOWN,paolo,1
UNKNOWN,indicate,1
UNKNOWN,fra,1
UNKNOWN,photos,1
UNKNOWN,zempire,1
UNKNOWN,adjust,1
UNKNOWN,flame,1
UNKNOWN,dish,1
UNKNOWN,cooked,1
UNKNOWN,temperance,1
UNKNOWN,beaver,1
UNKNOWN,boy,1
UNKNOWN,cares,1
UNKNOWN,consoles,1
UNKNOWN,icebox,1
UNKNOWN,pie,1
UNKNOWN,member,1
UNKNOWN,judawa,1
UNKNOWN,chidawah,1
UNKNOWN,replace,1
UNKNOWN,olli,1
UNKNOWN,hurricane,1
UNKNOWN,katrina,1
UNKNOWN,storm,1
UNKNOWN,already,1
UNKNOWN,passed,1
UNKNOWN,lle,1
UNKNOWN,maen,1
UNKNOWN,forensic,1
UNKNOWN,renvic,1
UNKNOWN,corny,1
UNKNOWN,lisa,1
UNKNOWN,gave,1
UNKNOWN,try,1
UNKNOWN,select,1
UNKNOWN,easiest,1
UNKNOWN,cough,1
UNKNOWN,benny,1
UNKNOWN,playtorah,1
UNKNOWN,eddie,1
UNKNOWN,richie,1
UNKNOWN,jamesworth,1
UNKNOWN,fee,1
UNKNOWN,hire,1
UNKNOWN,powell,1
UNKNOWN,stalker,1
UNKNOWN,damn,1
UNKNOWN,nifty,1
UNKNOWN,futures,1
UNKNOWN,woody,1
UNKNOWN,muhammad,1
UNKNOWN,elaine,1
UNKNOWN,forget,1
UNKNOWN,oranges,1
UNKNOWN,costco,1
UNKNOWN,jay's,1
UNKNOWN,rapping,1
UNKNOWN,sexiest,1
UNKNOWN,mariah,1
UNKNOWN,carey,1
UNKNOWN,politic,1
UNKNOWN,kmart,1
UNKNOWN,wrong,1
UNKNOWN,highway,1
UNKNOWN,employer,1
UNKNOWN,sofia,1
UNKNOWN,vergara,1
UNKNOWN,proposal,1
UNKNOWN,meci,1
UNKNOWN,congressional,1
UNKNOWN,representative's,1
UNKNOWN,voting,1
UNKNOWN,records,1
UNKNOWN,reproductive,1
UNKNOWN,health,1
UNKNOWN,africa,1
UNKNOWN,rod,1
UNKNOWN,stewart,1
UNKNOWN,letters,1
UNKNOWN,london,1
UNKNOWN,abc,1
UNKNOWN,satisfied,1
UNKNOWN,taksan,1
UNKNOWN,derek's,1
UNKNOWN,luther,1
UNKNOWN,jr,1
UNKNOWN,consumerservice,1
UNKNOWN,dmv,1
UNKNOWN,excessive,1
UNKNOWN,intervals,1
UNKNOWN,bpp,1
UNKNOWN,bulking,1
UNKNOWN,expensive,1
UNKNOWN,parliamentary,1
UNKNOWN,y'all,1
UNKNOWN,locks,1
UNKNOWN,ether,1
UNKNOWN,mouth,1
UNKNOWN,bursting,1
UNKNOWN,lives,1
UNKNOWN,excuse,1
UNKNOWN,you'll,1
UNKNOWN,bridgman,1
UNKNOWN,staffer,1
UNKNOWN,chains,1
UNKNOWN,syria,1
UNKNOWN,jump,1
UNKNOWN,under,1
UNKNOWN,light,1
UNKNOWN,arrive,1
UNKNOWN,stepa,1
UNKNOWN,channels,1
UNKNOWN,blow,1
UNKNOWN,bore,1
UNKNOWN,drunk,1
UNKNOWN,meese,1
UNKNOWN,thai,1
UNKNOWN,excellence,1
UNKNOWN,powerless,1
UNKNOWN,haster,1
UNKNOWN,because,1
UNKNOWN,passion,1
UNKNOWN,maglev,1
UNKNOWN,elo,1
UNKNOWN,karen,1
UNKNOWN,aware,1
UNKNOWN,colour,1
UNKNOWN,cooler,1
UNKNOWN,quicker,1
UNKNOWN,baiklah,1
UNKNOWN,di,1
UNKNOWN,sini,1
UNKNOWN,cover,1
UNKNOWN,technology,1
UNKNOWN,gem,1
UNKNOWN,seed,1
UNKNOWN,jesse,1
UNKNOWN,philippine,1
UNKNOWN,philippines,1
UNKNOWN,cups,1
UNKNOWN,sheet,1
UNKNOWN,frosting,1
UNKNOWN,mcclann,1
UNKNOWN,follows,1
UNKNOWN,cysylltwch,1
UNKNOWN,ffanc,1
UNKNOWN,ffundio,1
UNKNOWN,cyffredin,1
UNKNOWN,whose,1
UNKNOWN,birthdays,1
UNKNOWN,mummy,1
UNKNOWN,esk,1
UNKNOWN,whos,1
UNKNOWN,path,1
UNKNOWN,wbc,1
UNKNOWN,narrow,1
UNKNOWN,hospital,1
UNKNOWN,restaurant,1
UNKNOWN,allwch,1
UNKNOWN,chi,1
UNKNOWN,lles,1
UNKNOWN,lleol,1
UNKNOWN,travel,1
UNKNOWN,ban,1
UNKNOWN,worked,1
UNKNOWN,ashmit,1
UNKNOWN,ass,1
UNKNOWN,tesco,1
UNKNOWN,ea,1
UNKNOWN,lexa,1
UNKNOWN,provides,1
UNKNOWN,veal,1
UNKNOWN,demonetization,1
UNKNOWN,gweithredu,1
UNKNOWN,cheta,1
UNKNOWN,swar,1
UNKNOWN,pujara,1
UNKNOWN,ok,1
UNKNOWN,amd,1
UNKNOWN,cutlery's,1
UNKNOWN,vegan,1
UNKNOWN,substitute,1
UNKNOWN,everyone,1
UNKNOWN,attached,1
UNKNOWN,apply,1
UNKNOWN,senino,1
UNKNOWN,wells,1
UNKNOWN,fargo,1
UNKNOWN,kelly,1
UNKNOWN,clarkson,1
UNKNOWN,reporting,1
UNKNOWN,alexam,1
UNKNOWN,aleksandar,1
UNKNOWN,beyonce,1
UNKNOWN,z,1
UNKNOWN,wednesday,1
UNKNOWN,homelessness,1
UNKNOWN,seattle,1
UNKNOWN,sap,1
UNKNOWN,high,1
UNKNOWN,pike's,1
UNKNOWN,hibbe,1
UNKNOWN,homet,1
UNKNOWN,initiate,1
UNKNOWN,eliot's,1
UNKNOWN,novel,1
UNKNOWN,phelps,1
UNKNOWN,centimeters,1
UNKNOWN,fireman,1
UNKNOWN,gibson,1
UNKNOWN,scenario,1
UNKNOWN,dress,1
UNKNOWN,tara,1
UNKNOWN,pegasus,1
UNKNOWN,demands,1
UNKNOWN,laptop,1
UNKNOWN,seconds,1
UNKNOWN,softball,1
UNKNOWN,refreshments,1
UNKNOWN,heading,1
UNKNOWN,bp,1
UNKNOWN,esd,1
UNKNOWN,expected,1
UNKNOWN,daughter,1
UNKNOWN,prize,1
UNKNOWN,process,1
UNKNOWN,multiply,1
UNKNOWN,thousandth,1
UNKNOWN,twelve,1
UNKNOWN,checking,1
UNKNOWN,resistance,1
UNKNOWN,resistor,1
UNKNOWN,both,1
UNKNOWN,mwa,1
UNKNOWN,occurred,1
UNKNOWN,federal,1
UNKNOWN,hampshire,1
UNKNOWN,nile,1
UNKNOWN,unimposed,1
UNKNOWN,staff,1
UNKNOWN,distribution,1
UNKNOWN,aux,1
UNKNOWN,tackle,1
UNKNOWN,seek,1
UNKNOWN,floor,1
UNKNOWN,jobs',1
UNKNOWN,jones',1
UNKNOWN,responds,1
UNKNOWN,josh's,1
UNKNOWN,asked,1
UNKNOWN,picture,1
UNKNOWN,took,1
UNKNOWN,compliance,1
UNKNOWN,section,1
UNKNOWN,oliver,1
UNKNOWN,reports,1
UNKNOWN,sun,1
UNKNOWN,become,1
UNKNOWN,famous,1
UNKNOWN,exactly,1
UNKNOWN,resigned,1
UNKNOWN,tooth,1
UNKNOWN,feeling,1
UNKNOWN,crow,1
UNKNOWN,subtract,1
UNKNOWN,marinari,1
UNKNOWN,exist,1
UNKNOWN,chat,1
UNKNOWN,premium,1
UNKNOWN,gorky's,1
UNKNOWN,gorky,1
UNKNOWN,mention,1
UNKNOWN,measure,1
UNKNOWN,checks,1
UNKNOWN,tracks,1
UNKNOWN,jade,1
UNKNOWN,risotto,1
UNKNOWN,assurances,1
UNKNOWN,suck,1
UNKNOWN,tandoori,1
UNKNOWN,branch,1
UNKNOWN,french,1
UNKNOWN,assigned,1
UNKNOWN,invested,1
UNKNOWN,increasing,1
UNKNOWN,sloths,1
UNKNOWN,mickey,1
UNKNOWN,sim,1
UNKNOWN,fur,1
UNKNOWN,trip,1
UNKNOWN,hatch,1
UNKNOWN,koda,1
UNKNOWN,ago,1
UNKNOWN,sambal,1
UNKNOWN,application,1
UNKNOWN,announce,1
UNKNOWN,jennifer's,1
UNKNOWN,stating,1
UNKNOWN,reacting,1
UNKNOWN,potential,1
UNKNOWN,tie,1
UNKNOWN,harley,1
UNKNOWN,fark's,1
UNKNOWN,shares,1
UNKNOWN,mate,1
UNKNOWN,task,1
UNKNOWN,brexit,1
UNKNOWN,affect,1
UNKNOWN,citizens,1
UNKNOWN,mid,1
UNKNOWN,lori's,1
UNKNOWN,happybirthdaylori,1
UNKNOWN,exclamation,1
UNKNOWN,point,1
UNKNOWN,w,1
UNKNOWN,bush,1
UNKNOWN,log,1
UNKNOWN,equivalent,1
UNKNOWN,red,1
UNKNOWN,velvet,1
UNKNOWN,fight,1
UNKNOWN,hut,1
UNKNOWN,pizzahat,1
UNKNOWN,oxford,1
UNKNOWN,pe,1
UNKNOWN,nu,1
UNKNOWN,lasi,1
UNKNOWN,timp,1
UNKNOWN,te,1
UNKNOWN,sportici,1
UNKNOWN,oriun,1
UNKNOWN,lean,1
UNKNOWN,self,1
UNKNOWN,improved,1
UNKNOWN,auto,1
UNKNOWN,qu,1
UNKNOWN,mejor,1
UNKNOWN,lugar,1
UNKNOWN,es,1
UNKNOWN,el,1
UNKNOWN,que,1
UNKNOWN,hayas,1
UNKNOWN,kazakhstan,1
UNKNOWN,looking,1
UNKNOWN,sky,1
UNKNOWN,providers,1
UNKNOWN,spielberg,1
UNKNOWN,infosys,1
UNKNOWN,technologies,1
UNKNOWN,cetl,1
UNKNOWN,bennett,1
UNKNOWN,summary,1
UNKNOWN,joy,1
UNKNOWN,hourly,1
UNKNOWN,emma,1
UNKNOWN,watson,1
UNKNOWN,boyfriend,1
UNKNOWN,suits,1
UNKNOWN,joel,1
UNKNOWN,marriess,1
UNKNOWN,hearthstone,1
UNKNOWN,youth,1
UNKNOWN,briefing,1
UNKNOWN,yellowstone,1
UNKNOWN,oonk,1
UNKNOWN,sinusoidal,1
UNKNOWN,miss,1
UNKNOWN,commented,1
UNKNOWN,doesn't,1
UNKNOWN,benefit,1
UNKNOWN,problematic,1
UNKNOWN,gotse,1
UNKNOWN,god,1
UNKNOWN,densely,1
UNKNOWN,populated,1
UNKNOWN,angelia,1
UNKNOWN,charlie,1
UNKNOWN,smartphones,1
UNKNOWN,opt,1
UNKNOWN,leo,1
UNKNOWN,neil,1
UNKNOWN,justin,1
UNKNOWN,bieber's,1
UNKNOWN,base,1
UNKNOWN,tweeted,1
UNKNOWN,pathos,1
UNKNOWN,soul,1
UNKNOWN,eagle,1
UNKNOWN,rupee's,1
UNKNOWN,infinite,1
UNKNOWN,ladies,1
UNKNOWN,training,1
UNKNOWN,star,1
UNKNOWN,alisa,1
UNKNOWN,dim,1
UNKNOWN,huffington,1
UNKNOWN,touches,1
UNKNOWN,drone,1
UNKNOWN,body,1
UNKNOWN,interested,1
UNKNOWN,seeing,1
UNKNOWN,sale,1
UNKNOWN,lexmark,1
UNKNOWN,suitable,1
UNKNOWN,foods,1
UNKNOWN,bowie,1
UNKNOWN,bumley,1
UNKNOWN,illinois,1
UNKNOWN,louisiana,1
UNKNOWN,lexington,1
UNKNOWN,kinds,1
UNKNOWN,noon,1
UNKNOWN,further,1
UNKNOWN,percentage,1
UNKNOWN,tanzania,1
UNKNOWN,linear,1
UNKNOWN,equation,1
UNKNOWN,xxxxxx,1
UNKNOWN,germany,1
UNKNOWN,bugatti,1
UNKNOWN,veyron,1
UNKNOWN,railroad,1
UNKNOWN,conversation,1
UNKNOWN,usdninr,1
UNKNOWN,th,1
UNKNOWN,moron,1
UNKNOWN,oldest,1
UNKNOWN,pancakes,1
UNKNOWN,delete,1
UNKNOWN,spoken,1
UNKNOWN,statu,1
UNKNOWN,shipment,1
UNKNOWN,penggunaan,1
UNKNOWN,konversion,1
UNKNOWN,usb,1
UNKNOWN,beri,1
UNKNOWN,berita,1
UNKNOWN,nbc,1
UNKNOWN,kenapa,1
UNKNOWN,berhenti,1
UNKNOWN,berlaku,1
UNKNOWN,chili,1
UNKNOWN,marlon,1
UNKNOWN,brando,1
UNKNOWN,adakah,1
UNKNOWN,folder,1
UNKNOWN,cari,1
UNKNOWN,sehari,1
UNKNOWN,jika,1
UNKNOWN,anda,1
UNKNOWN,ingin,1
UNKNOWN,mencari,1
UNKNOWN,beritahu,1
UNKNOWN,apabila,1
UNKNOWN,menjawab,1
UNKNOWN,bulan,1
UNKNOWN,olu,1
UNKNOWN,terima,1
UNKNOWN,kasih,1
UNKNOWN,kerana,1
UNKNOWN,menonton,1
UNKNOWN,perlu,1
UNKNOWN,menggantikan,1
UNKNOWN,duit,1
UNKNOWN,lg,1
UNKNOWN,losing,1
UNKNOWN,exo,1
UNKNOWN,exocopter,1
UNKNOWN,australian,1
UNKNOWN,enter,1
UNKNOWN,problem,1
UNKNOWN,facing,1
UNKNOWN,johndoe,1
UNKNOWN,tennis,1
UNKNOWN,ucweb,1
UNKNOWN,alipia,1
UNKNOWN,dad,1
UNKNOWN,fixing,1
UNKNOWN,acting,1
UNKNOWN,manali,1
UNKNOWN,macis,1
UNKNOWN,explained,1
UNKNOWN,sales,1
UNKNOWN,clerk,1
UNKNOWN,basic,1
UNKNOWN,gender,1
UNKNOWN,bugs,1
UNKNOWN,wouldn't,1
UNKNOWN,nice,1
UNKNOWN,prompt,1
UNKNOWN,terror,1
VOLUME_DOWN,volume,610
VOLUME_DOWN,down,458
VOLUME_DOWN,turn,397
VOLUME_DOWN,the,360
VOLUME_DOWN,too,264
VOLUME_DOWN,loud,262
VOLUME_DOWN,decrease,182
VOLUME_DOWN,it,165
VOLUME_DOWN,lower,109
VOLUME_DOWN,audio,108
VOLUME_DOWN,make,106
VOLUME_DOWN,it's,102
VOLUME_DOWN,sound,99
VOLUME_DOWN,quieter,97
VOLUME_DOWN,reduce,58
VOLUME_DOWN,music,57
VOLUME_DOWN,softer,56
VOLUME_DOWN,that's,56
VOLUME_DOWN,far,46
VOLUME_DOWN,levels,43
VOLUME_DOWN,to,8
VOLUME_DOWN,is,8
VOLUME_DOWN,out,6
VOLUME_DOWN,and,5
VOLUME_DOWN,load,4
VOLUME_DOWN,increase,4
VOLUME_DOWN,bye,3
VOLUME_DOWN,done,3
VOLUME_DOWN,a,3
VOLUME_DOWN,don,2
VOLUME_DOWN,level,2
VOLUME_DOWN,on,2
VOLUME_DOWN,good,2
VOLUME_DOWN,part,2
VOLUME_DOWN,bleh,2
VOLUME_DOWN,thank,2
VOLUME_DOWN,you,2
VOLUME_DOWN,quite,2
VOLUME_DOWN,volumen,2
VOLUME_DOWN,value,2
VOLUME_DOWN,i'm,2
VOLUME_DOWN,for,2
VOLUME_DOWN,two,2
VOLUME_DOWN,lo,2
VOLUME_DOWN,de,2
VOLUME_DOWN,quarter,2
VOLUME_DOWN,do,2
VOLUME_DOWN,son,1
VOLUME_DOWN,verme,1
VOLUME_DOWN,interdisciplinary,1
VOLUME_DOWN,loi,1
VOLUME_DOWN,adav,1
VOLUME_DOWN,liu,1
VOLUME_DOWN,be,1
VOLUME_DOWN,grey,1
VOLUME_DOWN,lovers,1
VOLUME_DOWN,tool,1
VOLUME_DOWN,q,1
VOLUME_DOWN,bicristi,1
VOLUME_DOWN,t,1
VOLUME_DOWN,software,1
VOLUME_DOWN,limbler,1
VOLUME_DOWN,hit,1
VOLUME_DOWN,s,1
VOLUME_DOWN,are,1
VOLUME_DOWN,violon,1
VOLUME_DOWN,curious,1
VOLUME_DOWN,l,1
VOLUME_DOWN,g,1
VOLUME_DOWN,gracias,1
VOLUME_DOWN,por,1
VOLUME_DOWN,ver,1
VOLUME_DOWN,el,1
VOLUME_DOWN,v,1
VOLUME_DOWN,deo,1
VOLUME_DOWN,large,1
VOLUME_DOWN,long,1
VOLUME_DOWN,or,1
VOLUME_DOWN,don't,1
VOLUME_DOWN,quater,1
VOLUME_DOWN,low,1
VOLUME_DOWN,water,1
VOLUME_DOWN,quiet,1
VOLUME_DOWN,why,1
VOLUME_DOWN,fine,1
VOLUME_DOWN,va,1
VOLUME_DOWN,valium,1
VOLUME_DOWN,jew,1
VOLUME_DOWN,decreased,1
VOLUME_DOWN,if,1
VOLUME_DOWN,i,1
VOLUME_DOWN,am,1
VOLUME_DOWN,press,1
VOLUME_DOWN,lose,1
VOLUME_DOWN,their,1
VOLUME_DOWN,create,1
VOLUME_DOWN,turned,1
VOLUME_DOWN,in,1
VOLUME_DOWN,oh,1
VOLUME_DOWN,guitar,1
VOLUME_DOWN,this,1
VOLUME_DOWN,terima,1
VOLUME_DOWN,kasih,1
VOLUME_DOWN,lawyer,1
VOLUME_DOWN,davalum,1
VOLUME_DOWN,decresando,1
VOLUME_DOWN,la,1
VOLUME_DOWN,valencia,1
VOLUME_DOWN,e,1
VOLUME_DOWN,cresce,1
VOLUME_DOWN,o,1
VOLUME_DOWN,hirte,1
VOLUME_DOWN,clatter,1
VOLUME_DOWN,your,1
VOLUME_DOWN,door,1
VOLUME_DOWN,just,1
VOLUME_DOWN,damnedabualindar,1
VOLUME_DOWN,go,1
VOLUME_DOWN,ahead,1
VOLUME_DOWN,eu,1
VOLUME_DOWN,lembro,1
VOLUME_DOWN,hoje,1
VOLUME_DOWN,niech,1
VOLUME_DOWN,os,1
VOLUME_DOWN,b,1
VOLUME_DOWN,lep,1
VOLUME_DOWN,but,1
VOLUME_DOWN,learn,1
VOLUME_DOWN,boiling,1
VOLUME_DOWN,plan,1
VOLUME_DOWN,porter,1
VOLUME_DOWN,valeu,1
VOLUME_DOWN,noite,1
VOLUME_DOWN,all,1
VOLUME_DOWN,fuddle,1
VOLUME_DOWN,run,1
VOLUME_UP,volume,518
VOLUME_UP,the,474
VOLUME_UP,up,425
VOLUME_UP,turn,365
VOLUME_UP,louder,239
VOLUME_UP,sound,230
VOLUME_UP,too,187
VOLUME_UP,increase,166
VOLUME_UP,i,164
VOLUME_UP,quiet,143
VOLUME_UP,hear,120
VOLUME_UP,make,101
VOLUME_UP,it,96
VOLUME_UP,need,86
VOLUME_UP,this,76
VOLUME_UP,please,53
VOLUME_UP,that's,52
VOLUME_UP,music,52
VOLUME_UP,far,48
VOLUME_UP,to,47
VOLUME_UP,low,47
VOLUME_UP,max,46
VOLUME_UP,anything,46
VOLUME_UP,is,46
VOLUME_UP,phone,40
VOLUME_UP,couldn't,40
VOLUME_UP,video,37
VOLUME_UP,can't,37
VOLUME_UP,that,37
VOLUME_UP,and,10
VOLUME_UP,off,8
VOLUME_UP,video's,7
VOLUME_UP,in,5
VOLUME_UP,of,5
VOLUME_UP,it's,4
VOLUME_UP,on,4
VOLUME_UP,don't,3
VOLUME_UP,quite,3
VOLUME_UP,for,3
VOLUME_UP,a,3
VOLUME_UP,case,3
VOLUME_UP,could,2
VOLUME_UP,not,2
VOLUME_UP,loader,2
VOLUME_UP,then,2
VOLUME_UP,any,2
VOLUME_UP,get,2
VOLUME_UP,outer,2
VOLUME_UP,sounds,2
VOLUME_UP,your,2
VOLUME_UP,volumax,2
VOLUME_UP,x,2
VOLUME_UP,algunos,1
VOLUME_UP,rors,1
VOLUME_UP,skal,1
VOLUME_UP,laboral,1
VOLUME_UP,con,1
VOLUME_UP,cloud,1
VOLUME_UP,here,1
VOLUME_UP,loaders,1
VOLUME_UP,powder,1
VOLUME_UP,two,1
VOLUME_UP,gordon,1
VOLUME_UP,while,1
VOLUME_UP,you,1
VOLUME_UP,might,1
VOLUME_UP,panid,1
VOLUME_UP,hit,1
VOLUME_UP,create,1
VOLUME_UP,variant,1
VOLUME_UP,map,1
VOLUME_UP,mean,1
VOLUME_UP,ladder,1
VOLUME_UP,speed,1
VOLUME_UP,southern,1
VOLUME_UP,forgiveness,1
VOLUME_UP,going,1
VOLUME_UP,good,1
VOLUME_UP,we're,1
VOLUME_UP,zoom,1
VOLUME_UP,do,1
VOLUME_UP,fair,1
VOLUME_UP,vai,1
VOLUME_UP,um,1
VOLUME_UP,ato,1
VOLUME_UP,will,1
VOLUME_UP,maps,1
VOLUME_UP,around,1
VOLUME_UP,turning,1
VOLUME_UP,boom,1
VOLUME_UP,kiss,1
VOLUME_UP,due,1
VOLUME_UP,saya,1
VOLUME_UP,perlu,1
VOLUME_UP,dengar,1
VOLUME_UP,ini,1
VOLUME_UP,dalam,1
VOLUME_UP,krista,1
VOLUME_UP,we,1
VOLUME_UP,dage,1
VOLUME_UP,line,1
VOLUME_UP,them,1
VOLUME_UP,lot,1
VOLUME_UP,peace,1
VOLUME_UP,en,1
VOLUME_UP,que,1
VOLUME_UP,est,1
VOLUME_UP,valiendo,1
VOLUME_UP,guess,1
VOLUME_UP,correct,1
VOLUME_UP,took,1
VOLUME_UP,desar,1
VOLUME_UP,close,1
VOLUME_UP,misf,1
VOLUME_UP,dish,1
VOLUME_UP,raudu,1
VOLUME_UP,proud,1
VOLUME_UP,louderphone,1
VOLUME_UP,let,1
VOLUME_UP,her,1
VOLUME_UP,i'm,1
VOLUME_UP,i'll,1
VOLUME_UP,older,1
VOLUME_UP,includes,1
VOLUME_UP,thumb,1
VOLUME_UP,bullet,1
VOLUME_UP,kanthasanda,1
VOLUME_UP,fun,1
VOLUME_UP,t,1
VOLUME_UP,love,1
VOLUME_UP,place,1
VOLUME_UP,me,1
VOLUME_UP,guarantee,1
VOLUME_UP,point,1
VOLUME_UP,crystal,1
VOLUME_UP,ball,1
VOLUME_UP,pol,1
VOLUME_UP,mica,1
VOLUME_UP,ci,1
VOLUME_UP,andiamo,1
VOLUME_UP,di,1
VOLUME_UP,nuovo,1
WEATHER,the,756
WEATHER,weather,704
WEATHER,is,471
WEATHER,what,313
WEATHER,in,267
WEATHER,today,218
WEATHER,to,212
WEATHER,it,202
WEATHER,i,193
WEATHER,me,183
WEATHER,for,175
WEATHER,this,162
WEATHER,be,133
WEATHER,forecast,131
WEATHER,will,129
WEATHER,week,124
WEATHER,what's,124
WEATHER,rain,122
WEATHER,a,119
WEATHER,now,116
WEATHER,like,115
WEATHER,going,113
WEATHER,tomorrow,102
WEATHER,need,100
WEATHER,of,96
WEATHER,right,85
WEATHER,tell,79
WEATHER,do,71
WEATHER,how,61
WEATHER,on,59
WEATHER,raining,56
WEATHER,city,53
WEATHER,current,52
WEATHER,new,51
WEATHER,day,51
WEATHER,umbrella,49
WEATHER,report,48
WEATHER,please,47
WEATHER,snow,46
WEATHER,next,45
WEATHER,my,42
WEATHER,york,39
WEATHER,outside,39
WEATHER,you,39
WEATHER,today's,38
WEATHER,know,37
WEATHER,should,37
WEATHER,an,35
WEATHER,give,34
WEATHER,show,34
WEATHER,jacket,32
WEATHER,can,31
WEATHER,take,30
WEATHER,sunny,29
WEATHER,coat,28
WEATHER,it's,28
WEATHER,temperature,26
WEATHER,there,25
WEATHER,how's,24
WEATHER,with,24
WEATHER,week's,24
WEATHER,at,24
WEATHER,wear,22
WEATHER,and,20
WEATHER,let,20
WEATHER,or,19
WEATHER,was,18
WEATHER,tuesday,18
WEATHER,monday,18
WEATHER,afternoon,18
WEATHER,bring,17
WEATHER,weekend,16
WEATHER,am,16
WEATHER,days,15
WEATHER,chicago,15
WEATHER,have,15
WEATHER,evening,15
WEATHER,when,15
WEATHER,tonight,14
WEATHER,any,14
WEATHER,condition,14
WEATHER,after,14
WEATHER,home,13
WEATHER,whether,12
WEATHER,rainy,12
WEATHER,chance,12
WEATHER,check,12
WEATHER,would,12
WEATHER,toronto,12
WEATHER,where,11
WEATHER,if,11
WEATHER,alabama,11
WEATHER,raincoat,11
WEATHER,boston,11
WEATHER,ini,11
WEATHER,heavy,10
WEATHER,pda,10
WEATHER,later,10
WEATHER,about,10
WEATHER,well,10
WEATHER,miami,10
WEATHER,we,10
WEATHER,seattle,10
WEATHER,work,10
WEATHER,area,10
WEATHER,m,10
WEATHER,weekly,10
WEATHER,tomorrow's,9
WEATHER,out,9
WEATHER,th,9
WEATHER,are,9
WEATHER,that,9
WEATHER,friday,9
WEATHER,beijing,9
WEATHER,from,9
WEATHER,doing,9
WEATHER,saturday,9
WEATHER,here,9
WEATHER,i'm,8
WEATHER,not,8
WEATHER,florida,8
WEATHER,all,8
WEATHER,such,8
WEATHER,grand,8
WEATHER,rapids,8
WEATHER,washington,8
WEATHER,better,8
WEATHER,expect,8
WEATHER,jersey,7
WEATHER,paris,7
WEATHER,manila,7
WEATHER,there's,7
WEATHER,but,7
WEATHER,san,7
WEATHER,antonio,7
WEATHER,sunday,7
WEATHER,humidity,7
WEATHER,get,7
WEATHER,go,7
WEATHER,they,7
WEATHER,currently,7
WEATHER,minggu,7
WEATHER,supposed,6
WEATHER,cold,6
WEATHER,sydney,6
WEATHER,kind,6
WEATHER,world,6
WEATHER,require,6
WEATHER,hey,6
WEATHER,boots,6
WEATHER,snowing,6
WEATHER,texas,6
WEATHER,bad,6
WEATHER,cloudy,6
WEATHER,noon,6
WEATHER,life,6
WEATHER,has,6
WEATHER,want,6
WEATHER,conditions,5
WEATHER,awesome,5
WEATHER,much,5
WEATHER,full,5
WEATHER,gonna,5
WEATHER,yma,5
WEATHER,denver,5
WEATHER,leave,5
WEATHER,one,5
WEATHER,apa,5
WEATHER,yang,5
WEATHER,mumbai,5
WEATHER,does,5
WEATHER,maine,5
WEATHER,as,5
WEATHER,monthly,5
WEATHER,hometown,5
WEATHER,type,5
WEATHER,why,5
WEATHER,ollie,4
WEATHER,nice,4
WEATHER,location,4
WEATHER,february,4
WEATHER,find,4
WEATHER,yn,4
WEATHER,by,4
WEATHER,car,4
WEATHER,time,4
WEATHER,winter,4
WEATHER,we're,4
WEATHER,great,4
WEATHER,looking,4
WEATHER,see,4
WEATHER,yng,4
WEATHER,nghymru,4
WEATHER,wish,4
WEATHER,google,4
WEATHER,where's,4
WEATHER,bristol,4
WEATHER,your,4
WEATHER,percentage,4
WEATHER,moment,4
WEATHER,near,4
WEATHER,matter,4
WEATHER,our,4
WEATHER,march,4
WEATHER,hope,4
WEATHER,p,4
WEATHER,austin,4
WEATHER,orange,4
WEATHER,las,4
WEATHER,vegas,4
WEATHER,two,4
WEATHER,seven,4
WEATHER,bagaimana,4
WEATHER,keadaan,4
WEATHER,untuk,4
WEATHER,coming,4
WEATHER,chances,3
WEATHER,likely,3
WEATHER,lunch,3
WEATHER,bright,3
WEATHER,wednesday,3
WEATHER,i'n,3
WEATHER,mi,3
WEATHER,over,3
WEATHER,way,3
WEATHER,y,3
WEATHER,based,3
WEATHER,california,3
WEATHER,we'll,3
WEATHER,before,3
WEATHER,five,3
WEATHER,sweater,3
WEATHER,birmingham,3
WEATHER,necessary,3
WEATHER,outing,3
WEATHER,compare,3
WEATHER,ffordd,3
WEATHER,stormy,3
WEATHER,leisure,3
WEATHER,springfield,3
WEATHER,minneapolis,3
WEATHER,heddiw,3
WEATHER,mae'r,3
WEATHER,web,3
WEATHER,level,3
WEATHER,update,3
WEATHER,few,3
WEATHER,winning,3
WEATHER,lebih,3
WEATHER,baik,3
WEATHER,di,3
WEATHER,many,3
WEATHER,call,3
WEATHER,predictions,3
WEATHER,morning,3
WEATHER,having,3
WEATHER,off,3
WEATHER,brighton,3
WEATHER,pa,3
WEATHER,weeks,3
WEATHER,oli,3
WEATHER,news,3
WEATHER,yesterday's,3
WEATHER,hari,3
WEATHER,saya,3
WEATHER,light,3
WEATHER,school,3
WEATHER,state,3
WEATHER,vt,3
WEATHER,did,3
WEATHER,use,3
WEATHER,less,3
WEATHER,than,3
WEATHER,degrees,3
WEATHER,without,3
WEATHER,back,3
WEATHER,luck,2
WEATHER,were,2
WEATHER,ddiweddarwyd,2
WEATHER,mae'n,2
WEATHER,o,2
WEATHER,confirm,2
WEATHER,month,2
WEATHER,re,2
WEATHER,pittsburgh,2
WEATHER,t,2
WEATHER,dallas,2
WEATHER,then,2
WEATHER,change,2
WEATHER,tires,2
WEATHER,other,2
WEATHER,baltimore,2
WEATHER,very,2
WEATHER,predicted,2
WEATHER,sun,2
WEATHER,shining,2
WEATHER,rest,2
WEATHER,whoever,2
WEATHER,worry,2
WEATHER,burn,2
WEATHER,driveway,2
WEATHER,columbus,2
WEATHER,they're,2
WEATHER,i'r,2
WEATHER,hot,2
WEATHER,beth,2
WEATHER,sf,2
WEATHER,open,2
WEATHER,word,2
WEATHER,rank,2
WEATHER,downtown,2
WEATHER,london,2
WEATHER,only,2
WEATHER,ring,2
WEATHER,oklahoma,2
WEATHER,stop,2
WEATHER,brand,2
WEATHER,think,2
WEATHER,cast,2
WEATHER,received,2
WEATHER,capital,2
WEATHER,run,2
WEATHER,b,2
WEATHER,boost,2
WEATHER,tang,2
WEATHER,detail,2
WEATHER,gave,2
WEATHER,wrong,2
WEATHER,compared,2
WEATHER,ohio,2
WEATHER,focus,2
WEATHER,fallen,2
WEATHER,since,2
WEATHER,yesterday,2
WEATHER,don't,2
WEATHER,kansas,2
WEATHER,which,2
WEATHER,i'll,2
WEATHER,search,2
WEATHER,code,2
WEATHER,up,2
WEATHER,local,2
WEATHER,francisco,2
WEATHER,number,2
WEATHER,rains,2
WEATHER,iowa,2
WEATHER,easy,2
WEATHER,summarize,2
WEATHER,details,2
WEATHER,more,2
WEATHER,their,2
WEATHER,made,2
WEATHER,tuscany,2
WEATHER,berlin,2
WEATHER,accumulation,2
WEATHER,three,2
WEATHER,dengan,2
WEATHER,tidak,2
WEATHER,terlalu,2
WEATHER,seperti,2
WEATHER,toledo,2
WEATHER,dc,2
WEATHER,job,2
WEATHER,danville,2
WEATHER,lucknow,2
WEATHER,just,2
WEATHER,extended,2
WEATHER,brooklyn,2
WEATHER,homestead,2
WEATHER,case,2
WEATHER,cover,2
WEATHER,too,2
WEATHER,mesa,2
WEATHER,friends,2
WEATHER,changed,2
WEATHER,forecasted,2
WEATHER,d,2
WEATHER,c,2
WEATHER,cta,2
WEATHER,nyc,2
WEATHER,voice,2
WEATHER,il,2
WEATHER,gear,2
WEATHER,inches,2
WEATHER,sword,2
WEATHER,beat,2
WEATHER,heat,2
WEATHER,using,2
WEATHER,spb,2
WEATHER,either,2
WEATHER,foricus,2
WEATHER,intelcast,2
WEATHER,both,2
WEATHER,rather,2
WEATHER,poor,2
WEATHER,side,2
WEATHER,used,2
WEATHER,water,2
WEATHER,nicer,2
WEATHER,red,2
WEATHER,display,2
WEATHER,highest,2
WEATHER,cda,2
WEATHER,jackets,2
WEATHER,leader,2
WEATHER,boleh,2
WEATHER,kita,2
WEATHER,pta,2
WEATHER,recommend,2
WEATHER,umbrellas,2
WEATHER,ma,2
WEATHER,updates,1
WEATHER,dhaka,1
WEATHER,weapon,1
WEATHER,finding,1
WEATHER,rock,1
WEATHER,byddwn,1
WEATHER,mynd,1
WEATHER,weithio'r,1
WEATHER,rhaid,1
WEATHER,ddarparu'r,1
WEATHER,ymddygiadau,1
WEATHER,manhain,1
WEATHER,okay,1
WEATHER,oh,1
WEATHER,enroll,1
WEATHER,writer,1
WEATHER,accept,1
WEATHER,dda,1
WEATHER,iawn,1
WEATHER,dyfodol,1
WEATHER,virus,1
WEATHER,brief,1
WEATHER,chaud,1
WEATHER,va,1
WEATHER,eux,1
WEATHER,us,1
WEATHER,soon,1
WEATHER,bye,1
WEATHER,baby,1
WEATHER,dende,1
WEATHER,gus,1
WEATHER,goat,1
WEATHER,list,1
WEATHER,starts,1
WEATHER,that's,1
WEATHER,hear,1
WEATHER,video,1
WEATHER,info,1
WEATHER,si,1
WEATHER,r,1
WEATHER,oedd,1
WEATHER,e'n,1
WEATHER,fawr,1
WEATHER,malila,1
WEATHER,happening,1
WEATHER,whip,1
WEATHER,thank,1
WEATHER,good,1
WEATHER,rainbow,1
WEATHER,costs,1
WEATHER,stuck,1
WEATHER,webster,1
WEATHER,last,1
WEATHER,snowshoes,1
WEATHER,los,1
WEATHER,angeles,1
WEATHER,apparently,1
WEATHER,snowplough,1
WEATHER,snowplow,1
WEATHER,burma,1
WEATHER,wevel,1
WEATHER,webber,1
WEATHER,year,1
WEATHER,bear,1
WEATHER,ychwanegwch,1
WEATHER,yw'r,1
WEATHER,wefan,1
WEATHER,nsf,1
WEATHER,sunset,1
WEATHER,morissette,1
WEATHER,pm,1
WEATHER,utah,1
WEATHER,app,1
WEATHER,place,1
WEATHER,face,1
WEATHER,bt,1
WEATHER,powers,1
WEATHER,lost,1
WEATHER,thing,1
WEATHER,roeddwn,1
WEATHER,siarad,1
WEATHER,ar,1
WEATHER,gyfer,1
WEATHER,buddy's,1
WEATHER,beginning,1
WEATHER,her,1
WEATHER,byddai'r,1
WEATHER,weithiau,1
WEATHER,ogystal,1
WEATHER,hwn,1
WEATHER,weakly,1
WEATHER,weithr,1
WEATHER,helps,1
WEATHER,mini,1
WEATHER,syllables,1
WEATHER,maomi,1
WEATHER,malm,1
WEATHER,race,1
WEATHER,weatherless,1
WEATHER,also,1
WEATHER,sekarang,1
WEATHER,snowy,1
WEATHER,night,1
WEATHER,myanmar,1
WEATHER,music,1
WEATHER,precipitation,1
WEATHER,liza,1
WEATHER,mean,1
WEATHER,venice,1
WEATHER,rebecca,1
WEATHER,obama,1
WEATHER,farmer,1
WEATHER,smell,1
WEATHER,uda,1
WEATHER,jack,1
WEATHER,jerky,1
WEATHER,sub,1
WEATHER,them,1
WEATHER,malaysia,1
WEATHER,custom,1
WEATHER,st,1
WEATHER,tarso,1
WEATHER,bioweather,1
WEATHER,put,1
WEATHER,bangla,1
WEATHER,largo,1
WEATHER,yeah,1
WEATHER,predication,1
WEATHER,ucl,1
WEATHER,cock,1
WEATHER,post,1
WEATHER,particularly,1
WEATHER,into,1
WEATHER,rome,1
WEATHER,aerf,1
WEATHER,sip,1
WEATHER,sipco,1
WEATHER,ask,1
WEATHER,weather's,1
WEATHER,might,1
WEATHER,mess,1
WEATHER,down,1
WEATHER,its,1
WEATHER,merced,1
WEATHER,wonderful,1
WEATHER,nurse,1
WEATHER,trend,1
WEATHER,guys,1
WEATHER,letter,1
WEATHER,nashik,1
WEATHER,nasheq,1
WEATHER,route,1
WEATHER,youth,1
WEATHER,training,1
WEATHER,trading,1
WEATHER,idea,1
WEATHER,ny,1
WEATHER,unwinded,1
WEATHER,fan,1
WEATHER,imposter,1
WEATHER,taksim,1
WEATHER,hong,1
WEATHER,kong,1
WEATHER,buffalo,1
WEATHER,pasadena,1
WEATHER,ca,1
WEATHER,eight,1
WEATHER,look,1
WEATHER,whatever,1
WEATHER,meet,1
WEATHER,entire,1
WEATHER,long,1
WEATHER,island,1
WEATHER,kepadaan,1
WEATHER,teruk,1
WEATHER,kami,1
WEATHER,sedang,1
WEATHER,bermain,1
WEATHER,perlukan,1
WEATHER,pakaian,1
WEATHER,selepas,1
WEATHER,atau,1
WEATHER,harganya,1
WEATHER,akan,1
WEATHER,berlaku,1
WEATHER,depan,1
WEATHER,apakah,1
WEATHER,cuma,1
WEATHER,wrinkle,1
WEATHER,recode,1
WEATHER,protections,1
WEATHER,bottle,1
WEATHER,lie,1
WEATHER,board,1
WEATHER,rover,1
WEATHER,camera,1
WEATHER,birthday,1
WEATHER,entry,1
WEATHER,mild,1
WEATHER,metal,1
WEATHER,months,1
WEATHER,stay,1
WEATHER,calmed,1
WEATHER,calm,1
WEATHER,sorry,1
WEATHER,screen,1
WEATHER,illinois,1
WEATHER,stunning,1
WEATHER,europe,1
WEATHER,costume,1
WEATHER,heads,1
WEATHER,barcelona,1
WEATHER,thursday,1
WEATHER,name,1
WEATHER,nashek,1
WEATHER,may,1
WEATHER,gets,1
WEATHER,dead,1
WEATHER,orlando,1
WEATHER,atlanta,1
WEATHER,eli,1
WEATHER,jamville,1
WEATHER,ielts,1
WEATHER,dunnville,1
WEATHER,prediction,1
WEATHER,you're,1
WEATHER,eastern,1
WEATHER,blynyddoedd,1
WEATHER,drain,1
WEATHER,drive,1
WEATHER,pool,1
WEATHER,sure,1
WEATHER,comes,1
WEATHER,system,1
WEATHER,chancellor,1
WEATHER,freeing,1
WEATHER,welcome,1
WEATHER,words,1
WEATHER,possibility,1
WEATHER,yourself,1
WEATHER,shall,1
WEATHER,evidence,1
WEATHER,costa,1
WEATHER,kosta,1
WEATHER,relate,1
WEATHER,italian,1
WEATHER,town,1
WEATHER,visit,1
WEATHER,sunil,1
WEATHER,west,1
WEATHER,send,1
WEATHER,text,1
WEATHER,message,1
WEATHER,signs,1
WEATHER,counter,1
WEATHER,slow,1
WEATHER,thurston,1
WEATHER,kaj,1
WEATHER,je,1
WEATHER,pripravljenje,1
WEATHER,na,1
WEATHER,advice,1
WEATHER,thought,1
WEATHER,i'd,1
WEATHER,wife,1
WEATHER,front,1
WEATHER,end,1
WEATHER,god,1
WEATHER,game,1
WEATHER,added,1
WEATHER,recipe,1
WEATHER,que,1
WEATHER,isso,1
WEATHER,mais,1
WEATHER,um,1
WEATHER,signed,1
WEATHER,room,1
WEATHER,worst,1
WEATHER,reason,1
WEATHER,dinoville,1
WEATHER,darnfield,1
WEATHER,com,1
WEATHER,weathercom,1
WEATHER,beachstorm,1
WEATHER,e,1
WEATHER,alright,1
WEATHER,love,1
WEATHER,gone,1
WEATHER,anke,1
WEATHER,ank,1
WEATHER,happy,1
WEATHER,alemamba,1
WEATHER,atalanta,1
WEATHER,play,1
WEATHER,mostly,1
WEATHER,write,1
WEATHER,albino,1
WEATHER,rider,1
WEATHER,inau,1
WEATHER,these,1
WEATHER,spot,1
WEATHER,first,1
WEATHER,record,1
WEATHER,lay,1
WEATHER,each,1
WEATHER,yes,1
WEATHER,perlu,1
WEATHER,memakannya,1
WEATHER,besok,1
WEATHER,apabila,1
WEATHER,tinggalkan,1
WEATHER,kerja,1
WEATHER,it'll,1
WEATHER,spring,1
WEATHER,data,1
WEATHER,harapkan,1
WEATHER,cepat,1
WEATHER,mengharapkannya,1
WEATHER,ozzy,1
WEATHER,court,1
WEATHER,worth,1
WEATHER,watches,1
WEATHER,n,1
WEATHER,coach,1
WEATHER,bunga,1
WEATHER,tower,1
WEATHER,even,1
